"Vendedor";"Produto";"Código";"Qtde";"Qtde faturada";"Preço Médio";"Valor";"Valor faturado";"Frete";"Desconto";"Outras despesas";"Total Venda";"Custo";"Lucro"
"Vendas sem vendedor  ";;;"8,00";"0,00";"-";"610,40";"0,00";"0,00";"249,30";"0,00";"361,10";"0,00";"-"
" ";"CABO TIPO C KAPBOM KA-911-TY";"1680";"1,00";"0,00";"22,00";"22,00";"0,00";"0,00";"0,00";"0,00";"22,00";"0,00";"-"
" ";"CARREGADOR PORTÁTIL POWER BANK 10000MAH KAIDI KD-951";"53";"1,00";"0,00";"129,90";"129,90";"0,00";"0,00";"64,95";"0,00";"64,95";"0,00";"-"
" ";"CHAVEIRO LOUIS VUITTON";"461";"2,00";"0,00";"39,90";"79,80";"0,00";"0,00";"29,95";"0,00";"49,85";"0,00";"-"
" ";"CHAVEIRO LOUIS VUITTON COMBO 2";"476";"1,00";"0,00";"69,90";"69,90";"0,00";"0,00";"34,95";"0,00";"34,95";"0,00";"-"
" ";"FONE DE OUVIDO TIPO LIGHTING KAPBOM AL-X7 EAR X";"806";"2,00";"0,00";"69,90";"139,80";"0,00";"0,00";"34,95";"0,00";"104,85";"0,00";"-"
" ";"SMART WATCH D20 PRETO Cor:Rosa";"1901";"1,00";"0,00";"169,00";"169,00";"0,00";"0,00";"84,50";"0,00";"84,50";"0,00";"-"
"ADENUZIA DIAS SANTOS  ";;;"82,00";"3,00";"-";"30.304,70";"65,00";"0,00";"0,00";"0,00";"30.304,70";"14.730,00";"15.574,70 (105,73%)"
" ";"APPLE 15 PRO MAX NATURAL TITANIUM 256 LACRADO IMEI1-354570356796825 IMEI2- 354570355409792";"2109";"1,00";"0,00";"7.750,00";"7.750,00";"0,00";"0,00";"0,00";"0,00";"7.750,00";"7.400,00";"350,00 (4,73%)"
" ";"APPLE IPHONE 11 128GB BRANCO SEMINOVO BATERIA 100% -  IMEI1 356334102381889 - IMEI2 35633102622332";"2076";"1,00";"0,00";"2.170,00";"2.170,00";"0,00";"0,00";"0,00";"0,00";"2.170,00";"1.780,00";"390,00 (21,91%)"
" ";"APPLE IPHONE 11 64GB PRETO SEMINOVO BATERIA 96% IMEI1- 356867118873084 IMEI2- 356867118835703";"2077";"1,00";"0,00";"2.000,00";"2.000,00";"0,00";"0,00";"0,00";"0,00";"2.000,00";"0,00";"-"
" ";"APPLE IPHONE 14 PRO MAX 256GB 100% PRETO SEMINOVO IMEI:355086757871876 IMEI2-355086759295827";"2112";"1,00";"0,00";"5.850,00";"5.850,00";"0,00";"0,00";"0,00";"0,00";"5.850,00";"5.300,00";"550,00 (10,38%)"
" ";"APPLE IPHONE 7 PLUS 128GB PRATA SEMINOVO";"893";"1,00";"0,00";"1.100,00";"1.100,00";"0,00";"0,00";"0,00";"0,00";"1.100,00";"0,00";"-"
" ";"APPLE IPHONE 7 PLUS 32GB PRETO SEMINOVO";"849";"1,00";"0,00";"880,00";"880,00";"0,00";"0,00";"0,00";"0,00";"880,00";"0,00";"-"
" ";"APPLE IPHONE 8 256GB PRETO SEMINOVO";"1888";"1,00";"0,00";"1.360,00";"1.360,00";"0,00";"0,00";"0,00";"0,00";"1.360,00";"0,00";"-"
" ";"APPLE IPHONE 8 PLUS 64GB DOURADO SEMINOVO";"945";"1,00";"0,00";"1.250,00";"1.250,00";"0,00";"0,00";"0,00";"0,00";"1.250,00";"0,00";"-"
" ";"CABO 18W TIPO-C PARA TIPO-C KAPBOM KAP-333-CC";"1856";"1,00";"0,00";"50,00";"50,00";"0,00";"0,00";"0,00";"0,00";"50,00";"0,00";"-"
" ";"CABO TIPO C 2.4A 1 METROS SUMEXR SS-A2C";"1214";"1,00";"0,00";"40,00";"40,00";"0,00";"0,00";"0,00";"0,00";"40,00";"0,00";"-"
" ";"CABO TIPO C KAPBOM KA-911-TY";"1680";"1,00";"0,00";"32,90";"32,90";"0,00";"0,00";"0,00";"0,00";"32,90";"0,00";"-"
" ";"CABO TIPO C PARA LIGHTING APPLE PRIMEIRA LINHA";"1449";"1,00";"0,00";"75,00";"75,00";"0,00";"0,00";"0,00";"0,00";"75,00";"0,00";"-"
" ";"CABO TIPO LIGHTING 25W";"697";"1,00";"0,00";"20,00";"20,00";"0,00";"0,00";"0,00";"0,00";"20,00";"0,00";"-"
" ";"CAPA ANTI IMPACTO PREMIUM (TRANSPARENTE) 24,90";"1632";"4,00";"0,00";"12,50";"50,00";"0,00";"0,00";"0,00";"0,00";"50,00";"40,00";"10,00 (25,00%)"
" ";"CAPA PARA CELULAR 29,90 *";"1633";"21,00";"1,00";"22,61";"474,80";"30,00";"0,00";"0,00";"0,00";"474,80";"210,00";"264,80 (126,10%)"
" ";"CARREGADOR COMPLETO TIPO C 20W USB-C 12 PRO MAX";"1448";"1,00";"0,00";"91,00";"91,00";"0,00";"0,00";"0,00";"0,00";"91,00";"0,00";"-"
" ";"CARREGADOR PORTÁTIL POWER BANK 5000MAH KAID KD-952";"54";"2,00";"0,00";"90,00";"180,00";"0,00";"0,00";"0,00";"0,00";"180,00";"0,00";"-"
" ";"CARREGADOR TIPO LIGHTING SUMEXR SX-FC58-i6";"1668";"1,00";"0,00";"60,00";"60,00";"0,00";"0,00";"0,00";"0,00";"60,00";"0,00";"-"
" ";"CARREGADOR VEICULAR SUMEXR USB+TIPO C SX-C19-38W";"1791";"1,00";"0,00";"70,00";"70,00";"0,00";"0,00";"0,00";"0,00";"70,00";"0,00";"-"
" ";"FONE DE OUVIDO BLUETOOTH KAIDI KD-770 TWS";"1263";"1,00";"0,00";"136,00";"136,00";"0,00";"0,00";"0,00";"0,00";"136,00";"0,00";"-"
" ";"FONE DE OUVIDO BLUETOOTH KAIDI KD-771 TWS";"1809";"1,00";"0,00";"175,00";"175,00";"0,00";"0,00";"0,00";"0,00";"175,00";"0,00";"-"
" ";"FONE DE OUVIDO VIA BLUETOOTH I11 5.0 TWS";"245";"2,00";"0,00";"100,00";"200,00";"0,00";"0,00";"0,00";"0,00";"200,00";"0,00";"-"
" ";"FONTE CARREGADOR PRIMEIRA LINHA TIPO USB-C 20W";"1451";"1,00";"0,00";"100,00";"100,00";"0,00";"0,00";"0,00";"0,00";"100,00";"0,00";"-"
" ";"PELICULA CAMERA DE BOLINHA IPHONE";"1644";"4,00";"0,00";"17,50";"70,00";"0,00";"0,00";"0,00";"0,00";"70,00";"0,00";"-"
" ";"PELICULA DE TPU SOFT PREMIUM 129,90*";"890";"9,00";"0,00";"77,22";"695,00";"0,00";"0,00";"0,00";"0,00";"695,00";"0,00";"-"
" ";"PELICULA TELA COMPLETA 29,90";"1679";"12,00";"2,00";"17,92";"215,00";"35,00";"0,00";"0,00";"0,00";"215,00";"0,00";"-"
" ";"PELICULA TELA COMPLETA NANO CERAMICA PREMIUM 129,90*";"1685";"2,00";"0,00";"52,50";"105,00";"0,00";"0,00";"0,00";"0,00";"105,00";"0,00";"-"
" ";"PELICULA TELA COMPLETA NANO CERAMICA PRIVACIDADE PREMIUM*";"1783";"1,00";"0,00";"90,00";"90,00";"0,00";"0,00";"0,00";"0,00";"90,00";"0,00";"-"
" ";"PELICULA TELA COMPLETA PRIVACIDADE 10 39,90";"1456";"1,00";"0,00";"25,00";"25,00";"0,00";"0,00";"0,00";"0,00";"25,00";"0,00";"-"
" ";"REDMI NOTE 12 128GB 6GB ICE BLUE LACRADO";"1764";"1,00";"0,00";"1.320,00";"1.320,00";"0,00";"0,00";"0,00";"0,00";"1.320,00";"0,00";"-"
" ";"SERVIÇO REMOTA";"2024";"1,00";"0,00";"20,00";"20,00";"0,00";"0,00";"0,00";"0,00";"20,00";"0,00";"-"
" ";"XIAOMI A2 32GB / 2GB BLACK LACRADO";"1973";"1,00";"0,00";"700,00";"700,00";"0,00";"0,00";"0,00";"0,00";"700,00";"0,00";"-"
" ";"XIAOMI NOTE 12 128GB / 4GB ONYX GRAY LACRADO";"1690";"1,00";"0,00";"1.000,00";"1.000,00";"0,00";"0,00";"0,00";"0,00";"1.000,00";"0,00";"-"
" ";"XIAOMI POCO X5 PRO 5G 256GB / 8GB BLACK LACRADO";"2030";"1,00";"0,00";"1.950,00";"1.950,00";"0,00";"0,00";"0,00";"0,00";"1.950,00";"0,00";"-"
"BRENDON CAUÃ MACIEL  ";;;"7,00";"2,00";"-";"1.702,80";"160,00";"0,00";"0,00";"0,00";"1.702,80";"10,00";"1.692,80 (16.928,00%)"
" ";"CAPA ANTI IMPACTO PREMIUM (TRANSPARENTE) 24,90";"1632";"1,00";"0,00";"10,00";"10,00";"0,00";"0,00";"0,00";"0,00";"10,00";"10,00";"0,00 (0,00%)"
" ";"CARREGADOR TIPO LIGHTING USB-C SX-PD2-L*";"2253";"1,00";"0,00";"140,00";"140,00";"0,00";"0,00";"0,00";"0,00";"140,00";"0,00";"-"
" ";"PELICULA DE TPU SOFT PREMIUM 129,90*";"890";"1,00";"1,00";"90,00";"90,00";"90,00";"0,00";"0,00";"0,00";"90,00";"0,00";"-"
" ";"PELICULA TELA COMPLETA 29,90";"1679";"2,00";"0,00";"30,00";"60,00";"0,00";"0,00";"0,00";"0,00";"60,00";"0,00";"-"
" ";"PELICULA TELA COMPLETA NANO CERAMICA PREMIUM 129,90*";"1685";"1,00";"1,00";"70,00";"70,00";"70,00";"0,00";"0,00";"0,00";"70,00";"0,00";"-"
" ";"XIAOMI NOTE 12 256GB / 8GB MINT GREEN  LACRADO IMEI1- 866228063348684 IMEI2- 866228063348692";"2263";"1,00";"0,00";"1.332,80";"1.332,80";"0,00";"0,00";"0,00";"0,00";"1.332,80";"0,00";"-"
"EMILE MAIARA MENEZES DE SOUZA  ";;;"440,00";"62,00";"-";"283.320,70";"1.502,30";"404,78";"0,00";"65,00";"283.790,48";"98.530,00";"184.855,70 (187,61%)"
" ";"ADAPTADOR CONVERSOR TIPO LIGHTNING PARA FONE P2 APPLE HEADPHONE JACK LEHMOX LE-870";"1840";"1,00";"0,00";"25,00";"25,00";"0,00";"0,00";"0,00";"0,00";"25,00";"0,00";"-"
" ";"ADAPTADOR UNIVERSAL ALL IN ONE KA-1103";"1858";"2,00";"0,00";"21,50";"43,00";"0,00";"0,00";"0,00";"0,00";"43,00";"0,00";"-"
" ";"APPLE IPAD 9 GERAÇÃO  64GB SILVER SERIAL - GD7W0J74JM";"2275";"1,00";"0,00";"2.150,00";"2.150,00";"0,00";"0,00";"0,00";"0,00";"2.150,00";"0,00";"-"
" ";"APPLE IPHONE 11 128GB BRANCO LACRADO";"1053";"1,00";"0,00";"3.250,00";"3.250,00";"0,00";"0,00";"0,00";"0,00";"3.250,00";"0,00";"-"
" ";"APPLE IPHONE 11 128GB BRANCO SEMINOVO";"694";"1,00";"0,00";"2.520,00";"2.520,00";"0,00";"0,00";"0,00";"0,00";"2.520,00";"0,00";"-"
" ";"APPLE IPHONE 11 128GB BRANCO SEMINOVO BATERIA 100% - IMEI 1 358070151646990 - IMEI 2 358070151625796";"2080";"1,00";"0,00";"2.477,30";"2.477,30";"0,00";"0,00";"0,00";"0,00";"2.477,30";"1.780,00";"697,30 (39,17%)"
" ";"APPLE IPHONE 11 128GB BRANCO SEMINOVO BATERIA 85% IMEI1- 356858113485339 IMEI2- 356858113320080";"2147";"1,00";"0,00";"2.200,00";"2.200,00";"0,00";"0,00";"0,00";"0,00";"2.200,00";"1.800,00";"400,00 (22,22%)"
" ";"APPLE IPHONE 11 64GB BRANCO SEMINOVO";"747";"1,00";"0,00";"2.552,00";"2.552,00";"0,00";"0,00";"0,00";"0,00";"2.552,00";"0,00";"-"
" ";"APPLE IPHONE 11 64GB BRANCO SEMINOVO BATERIA 99% IMEI1- 355108981444260 IMEI 2- 355108981141148";"2152";"1,00";"0,00";"2.200,00";"2.200,00";"0,00";"0,00";"0,00";"0,00";"2.200,00";"1.650,00";"550,00 (33,33%)"
" ";"APPLE IPHONE 11 64GB LILAS SEMINOVO";"860";"1,00";"0,00";"2.112,00";"2.112,00";"0,00";"0,00";"0,00";"0,00";"2.112,00";"0,00";"-"
" ";"APPLE IPHONE 11 64GB LILAS SEMINOVO BATERIA 85% IMEI1- 356866118551534 IMEI2- 356866118599806";"2153";"1,00";"0,00";"2.359,80";"2.359,80";"0,00";"0,00";"0,00";"0,00";"2.359,80";"1.700,00";"659,80 (38,81%)"
" ";"APPLE IPHONE 11 64GB PRETO SEMINOVO";"1604";"1,00";"0,00";"2.030,00";"2.030,00";"0,00";"0,00";"0,00";"0,00";"2.030,00";"0,00";"-"
" ";"APPLE IPHONE 11 64GB VERDE SEMINOVO BATERIA 93% IMEI1- 356805113310736 IMEI2- 356805113179826";"2219";"1,00";"0,00";"2.145,00";"2.145,00";"0,00";"0,00";"0,00";"0,00";"2.145,00";"0,00";"-"
" ";"APPLE IPHONE 11 PRO MAX 64GB GOLD BATERIA 96% SEMINOVO IMEI1: 352840110689570 IMEI2: 352840110682823";"2200";"1,00";"0,00";"3.382,00";"3.382,00";"0,00";"0,00";"0,00";"0,00";"3.382,00";"2.550,00";"832,00 (32,63%)"
" ";"APPLE IPHONE 12 128GB BRANCO BATERIA 81% SEMINOVO IMEI1- 353039119037712 IMEI2- 353039119561794";"2207";"1,00";"0,00";"3.024,00";"3.024,00";"0,00";"0,00";"0,00";"25,00";"3.049,00";"2.200,00";"849,00 (38,59%)"
" ";"APPLE IPHONE 12 256GB BRANCO SEMINOVO";"2070";"1,00";"0,00";"2.750,00";"2.750,00";"0,00";"0,00";"0,00";"0,00";"2.750,00";"0,00";"-"
" ";"APPLE IPHONE 12 64GB 83% PRETO SEMINOVO IMEI1-356594590073021 IMEI2- 356594590073021";"2110";"1,00";"0,00";"2.777,60";"2.777,60";"0,00";"25,00";"0,00";"0,00";"2.802,60";"2.000,00";"777,60 (38,88%)"
" ";"APPLE IPHONE 12 64GB BRANCO LACRADO IMEI1-357076597355071 IMEI2-357076597015600";"2113";"1,00";"0,00";"3.819,00";"3.819,00";"0,00";"0,00";"0,00";"0,00";"3.819,00";"3.000,00";"819,00 (27,30%)"
" ";"APPLE IPHONE 12 64GB VERDE BATERIA 86% SEMINOVO IMEI- 353038116141865 IMEI2- 353038119507252";"2204";"1,00";"0,00";"2.500,00";"2.500,00";"0,00";"0,00";"0,00";"0,00";"2.500,00";"2.050,00";"450,00 (21,95%)"
" ";"APPLE IPHONE 12 64GB VERMELHO SEMINOVO";"1792";"1,00";"0,00";"2.350,00";"2.350,00";"0,00";"0,00";"0,00";"0,00";"2.350,00";"0,00";"-"
" ";"APPLE IPHONE 12 PRO MAX 128GB AZUL BATERIA 85% SEMINOVO IMEI1- 356717113178510 IMEI2- 356717113119357";"2190";"1,00";"0,00";"4.127,00";"4.127,00";"0,00";"0,00";"0,00";"0,00";"4.127,00";"3.200,00";"927,00 (28,97%)"
" ";"APPLE IPHONE 12 PRO MAX 128GB AZUL BATERIA 88% SEMINOVO IMEI1- 353167665274601 IMEI2- 353167665020147";"2189";"1,00";"0,00";"3.800,00";"3.800,00";"0,00";"0,00";"0,00";"0,00";"3.800,00";"3.250,00";"550,00 (16,92%)"
" ";"APPLE IPHONE 12 PRO MAX 128GB AZUL SEMINOVO";"1751";"1,00";"0,00";"4.000,00";"4.000,00";"0,00";"0,00";"0,00";"0,00";"4.000,00";"0,00";"-"
" ";"APPLE IPHONE 12 PRO MAX 256GB 85%  BRANCO SEMINOVO IMEI1-359871974808181 IMEI2-359871974904204";"2116";"1,00";"0,00";"5.002,00";"5.002,00";"0,00";"0,00";"0,00";"0,00";"5.002,00";"3.500,00";"1.502,00 (42,91%)"
" ";"APPLE IPHONE 12 PRO MAX 256GB BRANCO SEMINOVO";"2057";"1,00";"0,00";"4.584,00";"4.584,00";"0,00";"0,00";"0,00";"0,00";"4.584,00";"0,00";"-"
" ";"APPLE IPHONE 13 128GB BRANCO LACRADO";"1110";"1,00";"0,00";"3.850,00";"3.850,00";"0,00";"0,00";"0,00";"0,00";"3.850,00";"0,00";"-"
" ";"APPLE IPHONE 13 128GB BRANCO SEMINOVO BATERIA 89% IMEI1- 354922766857806 IMEI2- 354922765704454";"2223";"1,00";"0,00";"3.821,00";"3.821,00";"0,00";"30,00";"0,00";"0,00";"3.851,00";"0,00";"-"
" ";"APPLE IPHONE 13 128GB BRANCO SEMINOVO BATERIA 90% IMEI1- 351309641857222 IMEI2- 351309641202064";"2141";"1,00";"0,00";"3.631,20";"3.631,20";"0,00";"0,00";"0,00";"0,00";"3.631,20";"3.000,00";"631,20 (21,04%)"
" ";"APPLE IPHONE 13 128GB MIDNIGHT LACRADO IMEI1- 357290402237719 IMEI2- 357290402994517";"2188";"1,00";"0,00";"4.086,00";"4.086,00";"0,00";"0,00";"0,00";"0,00";"4.086,00";"3.800,00";"286,00 (7,53%)"
" ";"APPLE IPHONE 13 128GB PRETO LACRADO";"1310";"1,00";"0,00";"4.296,00";"4.296,00";"0,00";"0,00";"0,00";"0,00";"4.296,00";"0,00";"-"
" ";"APPLE IPHONE 13 PRO MAX 128GB GOLD SEMINOVO  BATERIA 88% IMEI1- 353869223446783 IMEI2- 353869223319667";"2264";"1,00";"0,00";"4.704,00";"4.704,00";"0,00";"0,00";"0,00";"0,00";"4.704,00";"0,00";"-"
" ";"APPLE IPHONE 14 128GB BLUE LACRADO IMEI1- 355546532284588 IMEI2- 355546532890418";"2227";"1,00";"0,00";"4.390,00";"4.390,00";"0,00";"0,00";"0,00";"0,00";"4.390,00";"0,00";"-"
" ";"APPLE IPHONE 14 128GB BRANCO LACRADO";"1885";"1,00";"0,00";"4.595,00";"4.595,00";"0,00";"0,00";"0,00";"0,00";"4.595,00";"0,00";"-"
" ";"APPLE IPHONE 14 128GB STARLIGHT LACRADO IMEI1- 356094670972697 IMEI2- 356094670857849";"2201";"1,00";"0,00";"4.872,00";"4.872,00";"0,00";"0,00";"0,00";"0,00";"4.872,00";"4.050,00";"822,00 (20,30%)"
" ";"APPLE IPHONE 14 PRO 128GB GRAFITE SEMINOVO BATERIA 90% - IMEI 1 351055828890144 - IMEI 2 351055829024776";"2078";"1,00";"0,00";"4.800,00";"4.800,00";"0,00";"0,00";"0,00";"0,00";"4.800,00";"4.200,00";"600,00 (14,29%)"
" ";"APPLE IPHONE 14 PRO MAX 128GB ROXO 96% SEMINOVO IMEI1- 355909992491848 IMEI2- 355909992042260";"2186";"1,00";"0,00";"6.730,00";"6.730,00";"0,00";"0,00";"0,00";"0,00";"6.730,00";"5.450,00";"1.280,00 (23,49%)"
" ";"APPLE IPHONE 14 PRO MAX 256GB 100% ROXO SEMINOVO IMEI1-353223140753873 IMEI2-353223140933525";"2111";"1,00";"0,00";"5.900,00";"5.900,00";"0,00";"0,00";"0,00";"0,00";"5.900,00";"5.300,00";"600,00 (11,32%)"
" ";"APPLE IPHONE 14 PRO MAX 256GB GOLD SEMINOVO";"2031";"1,00";"0,00";"6.200,00";"6.200,00";"0,00";"0,00";"0,00";"0,00";"6.200,00";"0,00";"-"
" ";"APPLE IPHONE 14 PRO MAX 256GB ROXO  SEMINOVO BATERIA 93% IMEI1- 350636590374804 IMEI2- 350636590007164";"2269";"1,00";"0,00";"5.450,00";"5.450,00";"0,00";"0,00";"0,00";"0,00";"5.450,00";"0,00";"-"
" ";"APPLE IPHONE 14 PRO MAX 256GB ROXO 100% SEMINOVO IMEI1- 353665908850830 IMEI2- 353665908515706";"2139";"1,00";"0,00";"5.800,00";"5.800,00";"0,00";"0,00";"0,00";"0,00";"5.800,00";"5.300,00";"500,00 (9,43%)"
" ";"APPLE IPHONE 14 PRO MAX 256GB ROXO 100% SEMINOVO IMEI1- 358540301429687 IMEI2- 358540301031384";"2137";"1,00";"0,00";"5.800,00";"5.800,00";"0,00";"0,00";"0,00";"0,00";"5.800,00";"5.300,00";"500,00 (9,43%)"
" ";"APPLE IPHONE 14 PRO MAX 256GB ROXO SEMINOVO BATERIA 90% IMEI1- 350813223068430 IMEI2- 350813222876312";"2258";"1,00";"0,00";"6.034,00";"6.034,00";"0,00";"0,00";"0,00";"0,00";"6.034,00";"0,00";"-"
" ";"APPLE IPHONE 14 PRO MAX 256GB ROXO SEMINOVO BATERIA 91% IMEI1- 357183960630823 IMEI2- 357183960561143";"2228";"1,00";"0,00";"5.700,00";"5.700,00";"0,00";"0,00";"0,00";"0,00";"5.700,00";"0,00";"-"
" ";"APPLE IPHONE 15 128GB BLACK LACRADO";"2071";"1,00";"0,00";"5.544,00";"5.544,00";"0,00";"0,00";"0,00";"0,00";"5.544,00";"0,00";"-"
" ";"APPLE IPHONE 15 128GB PINK LACRADO IMEI1- 356054492823528 IMEI 2- 356054493314147";"2208";"1,00";"0,00";"5.200,00";"5.200,00";"0,00";"0,00";"0,00";"0,00";"5.200,00";"4.800,00";"400,00 (8,33%)"
" ";"APPLE IPHONE 15 PLUS 256GB BLACK LACRADO";"2064";"1,00";"0,00";"5.600,00";"5.600,00";"0,00";"0,00";"0,00";"0,00";"5.600,00";"0,00";"-"
" ";"APPLE IPHONE 15 PRO 128GB NATURAL TITANIUM LACRADO IMEI1- 351188223105386 IMEI2- 351188223053644";"2146";"1,00";"0,00";"6.750,00";"6.750,00";"0,00";"0,00";"0,00";"0,00";"6.750,00";"5.700,00";"1.050,00 (18,42%)"
" ";"APPLE IPHONE 15 PRO 256GB WHITE TITANIUUM LACRADO";"2015";"1,00";"0,00";"6.920,00";"6.920,00";"0,00";"0,00";"0,00";"0,00";"6.920,00";"0,00";"-"
" ";"APPLE IPHONE 15 PRO MAX 256GB BLACK TITANIUUM SEMINOVO BATERIA 100% IMEI1- 354379774102974 IMEI2- 354379774881437";"2246";"1,00";"0,00";"6.650,00";"6.650,00";"0,00";"0,00";"0,00";"0,00";"6.650,00";"0,00";"-"
" ";"APPLE IPHONE 15 PRO MAX 256GB BLUE TITANIUUM LACRADO";"2069";"1,00";"0,00";"7.650,00";"7.650,00";"0,00";"0,00";"0,00";"0,00";"7.650,00";"0,00";"-"
" ";"APPLE IPHONE 15 PRO MAX 256GB NATURAL TITANIUUM LACRADO IMEI1- 350496305034841 IMEI2- 350496307143343";"2145";"1,00";"0,00";"8.440,00";"8.440,00";"0,00";"0,00";"0,00";"0,00";"8.440,00";"7.250,00";"1.190,00 (16,41%)"
" ";"APPLE IPHONE 8 64GB BRANCO SEMINOVO BATERIA 93% - IMEI 1 352996094403865";"2079";"1,00";"0,00";"900,00";"900,00";"0,00";"0,00";"0,00";"0,00";"900,00";"450,00";"450,00 (100,00%)"
" ";"APPLE IPHONE XR 128GB BRANCO SEMINOVO BATERIA 100% - IMEI 1 357334094293984 - IMEI 2 357334094326545";"2073";"1,00";"0,00";"2.076,00";"2.076,00";"0,00";"0,00";"0,00";"0,00";"2.076,00";"1.350,00";"726,00 (53,78%)"
" ";"ASSISTÊNCIA";"1332";"1,00";"0,00";"50,00";"50,00";"0,00";"0,00";"0,00";"0,00";"50,00";"0,00";"-"
" ";"BATERIA IPHONE 12";"2068";"1,00";"0,00";"500,00";"500,00";"0,00";"0,00";"0,00";"0,00";"500,00";"0,00";"-"
" ";"CABO MAGNETICO TIPO V8 C LIGHTING 3 EM 1 SUMEXR SX-B16-3";"34";"1,00";"0,00";"50,00";"50,00";"0,00";"0,00";"0,00";"0,00";"50,00";"0,00";"-"
" ";"CABO PD CABO DE DADOS SUMEXR  SX-B118-CL";"1875";"1,00";"0,00";"36,00";"36,00";"0,00";"0,00";"0,00";"0,00";"36,00";"0,00";"-"
" ";"CABO PD CABO DE DADOS SUMEXR  SX-B118-CL*";"2255";"1,00";"0,00";"85,00";"85,00";"0,00";"0,00";"0,00";"0,00";"85,00";"0,00";"-"
" ";"CABO TIPO C COMUM 25W";"19";"1,00";"0,00";"10,00";"10,00";"0,00";"0,00";"0,00";"0,00";"10,00";"0,00";"-"
" ";"CABO TIPO C KAPBOM KA-911-TY";"1680";"2,00";"0,00";"27,90";"55,80";"0,00";"0,00";"0,00";"0,00";"55,80";"0,00";"-"
" ";"CABO TIPO LIGHTING 25W";"697";"2,00";"0,00";"25,00";"50,00";"0,00";"0,00";"0,00";"0,00";"50,00";"0,00";"-"
" ";"CABO TIPO LIGHTING ALTOMEX AL-C18";"1313";"5,00";"0,00";"39,52";"197,60";"0,00";"0,00";"0,00";"0,00";"197,60";"0,00";"-"
" ";"CABO TIPO LIGHTING SUMEXR SX-A5i6";"1363";"1,00";"0,00";"31,00";"31,00";"0,00";"0,00";"0,00";"0,00";"31,00";"0,00";"-"
" ";"CABO TIPO LIGHTING SUMEXR SX-B108-i6";"1216";"1,00";"0,00";"65,00";"65,00";"0,00";"0,00";"0,00";"0,00";"65,00";"0,00";"-"
" ";"CABO TIPO V8 25W";"293";"2,00";"0,00";"20,35";"40,70";"0,00";"0,00";"0,00";"0,00";"40,70";"0,00";"-"
" ";"CABO TYPE-C 3.1A SUMEXR SS-A1C";"2033";"1,00";"0,00";"35,00";"35,00";"0,00";"0,00";"0,00";"0,00";"35,00";"0,00";"-"
" ";"CAIXA DE SOM PARA PC STEREO SPEAKER GT-S1";"91";"1,00";"0,00";"105,00";"105,00";"0,00";"0,00";"0,00";"0,00";"105,00";"0,00";"-"
" ";"CAIXA PARA PRESENTE LINHA PREMIUM GRANDE";"2267";"1,00";"0,00";"40,00";"40,00";"0,00";"0,00";"0,00";"0,00";"40,00";"0,00";"-"
" ";"CANETA ACTIVE STYLUS  PEN";"1652";"1,00";"0,00";"200,00";"200,00";"0,00";"0,00";"0,00";"0,00";"200,00";"0,00";"-"
" ";"CAPA ANTI IMPACTO PREMIUM (TRANSPARENTE) 24,90";"1632";"9,00";"0,00";"10,44";"94,00";"0,00";"0,00";"0,00";"0,00";"94,00";"90,00";"4,00 (4,44%)"
" ";"CAPA PARA CELULAR (MODERNA) 129,90";"1636";"16,00";"0,00";"94,38";"1.510,00";"0,00";"20,00";"0,00";"0,00";"1.530,00";"160,00";"1.350,00 (843,75%)"
" ";"CAPA PARA CELULAR 29,90 *";"1633";"134,00";"48,00";"14,92";"1.999,76";"519,80";"30,98";"0,00";"0,00";"2.030,74";"1.340,00";"659,76 (49,24%)"
" ";"CAPA PARA CELULAR 49,90*";"1634";"5,00";"1,00";"54,00";"270,00";"35,00";"0,00";"0,00";"0,00";"270,00";"50,00";"220,00 (440,00%)"
" ";"CARREGADOR COMPLETO 2 EM 1 SX-FC18-I6";"2034";"1,00";"0,00";"70,00";"70,00";"0,00";"0,00";"0,00";"0,00";"70,00";"0,00";"-"
" ";"CARREGADOR COMPLETO 2 USB LIGHTNING 5.1A KA-5001-5G";"1859";"1,00";"0,00";"69,90";"69,90";"0,00";"0,00";"0,00";"0,00";"69,90";"0,00";"-"
" ";"CARREGADOR COMPLETO TIPO C 20W USB-C 13 PRO MAX";"2135";"6,00";"0,00";"41,17";"246,99";"0,00";"0,00";"0,00";"0,00";"246,99";"0,00";"-"
" ";"CARREGADOR COMPLETO TIPO C TURBO POWER TM 30 ALTOMEX AL-7080-TY";"1426";"1,00";"0,00";"55,00";"55,00";"0,00";"0,00";"0,00";"0,00";"55,00";"0,00";"-"
" ";"CARREGADOR PORTATIL OK'GOLD MAGNÉTICO BTE-06";"1785";"1,00";"0,00";"150,00";"150,00";"0,00";"0,00";"0,00";"0,00";"150,00";"0,00";"-"
" ";"CARREGADOR PORTÁTIL POWER BANK 10000MAH KAIDI KD-951";"53";"1,00";"0,00";"120,00";"120,00";"0,00";"0,00";"0,00";"0,00";"120,00";"0,00";"-"
" ";"CARREGADOR TIPO LIGHTING 3.4A SUMEXR SX-F17-i6";"1329";"1,00";"0,00";"75,00";"75,00";"0,00";"0,00";"0,00";"0,00";"75,00";"0,00";"-"
" ";"CARREGADOR TIPO LIGHTING SUMEXR SX-FC56";"1667";"1,00";"0,00";"63,00";"63,00";"0,00";"0,00";"0,00";"0,00";"63,00";"0,00";"-"
" ";"CARREGADOR TIPO V8 TURBO XIAOMI 30W 3.0A";"28";"1,00";"0,00";"77,00";"77,00";"0,00";"0,00";"0,00";"0,00";"77,00";"0,00";"-"
" ";"CARREGADOR TIPO-C KAPBOM KA-393-TY";"1857";"1,00";"0,00";"31,50";"31,50";"0,00";"0,00";"0,00";"0,00";"31,50";"0,00";"-"
" ";"CASE COM TECLADO PARA BLUETOOTH KEYBOARD";"2171";"1,00";"0,00";"380,00";"380,00";"0,00";"0,00";"0,00";"0,00";"380,00";"0,00";"-"
" ";"CASE PARA SMARTWATCH 38MM";"1169";"1,00";"0,00";"32,90";"32,90";"0,00";"0,00";"0,00";"0,00";"32,90";"0,00";"-"
" ";"CHAVEIRO CARTOON";"1821";"1,00";"0,00";"5,00";"5,00";"0,00";"0,00";"0,00";"0,00";"5,00";"0,00";"-"
" ";"CHIP CLARO 14,90";"902";"1,00";"0,00";"15,00";"15,00";"0,00";"0,00";"0,00";"0,00";"15,00";"0,00";"-"
" ";"COPO MATE CHIMARRÃO STANLEY PRIMEIRA LINHA";"1335";"1,00";"0,00";"105,00";"105,00";"0,00";"5,00";"0,00";"0,00";"110,00";"0,00";"-"
" ";"COPO STANLEY COM TAMPA  LINHA PREMIUM SS037";"1177";"6,00";"0,00";"34,15";"204,90";"0,00";"4,29";"0,00";"0,00";"209,19";"0,00";"-"
" ";"FONE DE OUVIDO BLUETOOTH PRIMEIRA LINHA JBL TUNE 220TWS PURE BASS";"1261";"1,00";"0,00";"112,00";"112,00";"0,00";"0,00";"0,00";"0,00";"112,00";"0,00";"-"
" ";"FONE DE OUVIDO BLUETOOTH PRIMEIRA LINHA MODELO AMBIE";"1522";"1,00";"0,00";"180,00";"180,00";"0,00";"5,54";"0,00";"0,00";"185,54";"0,00";"-"
" ";"FONE DE OUVIDO PMCELL FO-11";"2";"1,00";"0,00";"24,00";"24,00";"0,00";"0,00";"0,00";"0,00";"24,00";"0,00";"-"
" ";"FONE DE OUVIDO TIPO LIGHTING KAPBOM AL-X7 EAR X";"806";"6,00";"0,00";"17,00";"102,00";"0,00";"0,00";"0,00";"0,00";"102,00";"0,00";"-"
" ";"FONE DE OUVIDO VIA BLUETOOTH I11 5.0 TWS";"245";"1,00";"0,00";"100,00";"100,00";"0,00";"0,00";"0,00";"0,00";"100,00";"0,00";"-"
" ";"FONE INTRA-AURICULAR COM FIO KAPBOM ESTÉREO KA-745";"1713";"2,00";"0,00";"13,95";"27,90";"0,00";"0,00";"0,00";"0,00";"27,90";"0,00";"-"
" ";"FONTE 2 USB KAPBOM KA-373.1A 5V";"1593";"1,00";"0,00";"33,00";"33,00";"0,00";"0,00";"0,00";"0,00";"33,00";"0,00";"-"
" ";"FONTE CARREGADOR ORIGINAL TIPO USB-C APPLE 20W";"394";"5,00";"0,00";"196,00";"980,00";"0,00";"0,00";"0,00";"0,00";"980,00";"0,00";"-"
" ";"FONTE CARREGADOR PRIMEIRA LINHA TIPO USB-C 20W";"1451";"1,00";"0,00";"100,00";"100,00";"0,00";"0,00";"0,00";"0,00";"100,00";"0,00";"-"
" ";"GARRAFA SQUEEZE DE ACRÍLICO*";"1836";"4,00";"3,00";"23,13";"92,50";"67,50";"0,00";"0,00";"0,00";"92,50";"0,00";"-"
" ";"HEADPHONE PRIMEIRA LINHA VIA BLUETOOTH JBL BY HARMAN TUNE510";"1786";"1,00";"0,00";"250,00";"250,00";"0,00";"0,00";"0,00";"0,00";"250,00";"0,00";"-"
" ";"MOUSE PAD";"242";"1,00";"0,00";"28,00";"28,00";"0,00";"0,00";"0,00";"0,00";"28,00";"0,00";"-"
" ";"MOUSE PAD GAMER 40CM X 30CM X 2MM TEMATICO";"1557";"1,00";"0,00";"80,00";"80,00";"0,00";"0,00";"0,00";"0,00";"80,00";"0,00";"-"
" ";"MOUSE SEM FIO MTG W-840";"1469";"1,00";"0,00";"50,00";"50,00";"0,00";"0,00";"0,00";"0,00";"50,00";"0,00";"-"
" ";"OCULOS DE GRAU";"1553";"1,00";"0,00";"60,00";"60,00";"0,00";"0,00";"0,00";"0,00";"60,00";"0,00";"-"
" ";"OCULOS DE SOL";"1554";"2,00";"0,00";"47,50";"95,00";"0,00";"0,00";"0,00";"0,00";"95,00";"0,00";"-"
" ";"PELICULA CAMERA DE BOLINHA IPHONE";"1644";"4,00";"0,00";"21,45";"85,80";"0,00";"0,00";"0,00";"0,00";"85,80";"0,00";"-"
" ";"PELICULA CAMERA DE BOLINHA IPHONE 12 PRO MAX";"1580";"3,00";"0,00";"10,00";"30,00";"0,00";"0,00";"0,00";"0,00";"30,00";"0,00";"-"
" ";"PELICULA DE TPU SOFT PREMIUM 129,90*";"890";"27,00";"4,00";"85,56";"2.310,00";"360,00";"34,98";"0,00";"0,00";"2.344,98";"0,00";"-"
" ";"PELICULA DE VIDRO 14,90";"113";"4,00";"0,00";"10,25";"41,00";"0,00";"0,00";"0,00";"0,00";"41,00";"0,00";"-"
" ";"PELICULA TELA COMPLETA 29,90";"1679";"37,00";"0,00";"18,84";"697,15";"0,00";"5,00";"0,00";"0,00";"702,15";"0,00";"-"
" ";"PELICULA TELA COMPLETA NANO CERAMICA PREMIUM 129,90*";"1685";"14,00";"6,00";"85,71";"1.200,00";"520,00";"0,00";"0,00";"0,00";"1.200,00";"0,00";"-"
" ";"PELICULA TELA COMPLETA PRIVACIDADE 10 39,90";"1456";"1,00";"0,00";"29,90";"29,90";"0,00";"0,00";"0,00";"0,00";"29,90";"0,00";"-"
" ";"PELICULA TPU RELOGIO SOFT SMART WATCH 44MM";"1114";"1,00";"0,00";"37,90";"37,90";"0,00";"0,00";"0,00";"0,00";"37,90";"0,00";"-"
" ";"PEN DRIVE MAX DRIVE 16GB CLASS 10";"1316";"1,00";"0,00";"50,00";"50,00";"0,00";"0,00";"0,00";"0,00";"50,00";"0,00";"-"
" ";"PEN DRIVE MR. DRIVE 16GB";"929";"1,00";"0,00";"54,99";"54,99";"0,00";"0,00";"0,00";"0,00";"54,99";"0,00";"-"
" ";"PERFUME SILVER SCENT 100ML";"774";"1,00";"0,00";"200,00";"200,00";"0,00";"0,00";"0,00";"0,00";"200,00";"0,00";"-"
" ";"POCHETE RESISTENTE A ÁGUA SPORT POCKETS KAPBOM KAP-Y05";"74";"1,00";"0,00";"60,00";"60,00";"0,00";"0,00";"0,00";"0,00";"60,00";"0,00";"-"
" ";"PROTETOR DE CABO CARTOON 15,90";"808";"2,00";"0,00";"10,00";"20,00";"0,00";"0,00";"0,00";"0,00";"20,00";"0,00";"-"
" ";"REALME C35 128GB GLAWING GREEN SEMINOVO IMEI1- 869995061360278  IMEI2- 869995061360260";"2179";"1,00";"0,00";"700,00";"700,00";"0,00";"0,00";"0,00";"10,00";"710,00";"400,00";"310,00 (77,50%)"
" ";"REDMI NOTE 12 128GB / 4GB ICE BLUE SEMINOVO";"2063";"1,00";"0,00";"950,00";"950,00";"0,00";"0,00";"0,00";"0,00";"950,00";"0,00";"-"
" ";"REDMI NOTE 12 128GB 4GB MINT GREEN LACRADO";"2029";"1,00";"0,00";"1.120,00";"1.120,00";"0,00";"0,00";"0,00";"0,00";"1.120,00";"0,00";"-"
" ";"SERVIÇO REMOTA";"2024";"2,00";"0,00";"35,00";"70,00";"0,00";"0,00";"0,00";"0,00";"70,00";"0,00";"-"
" ";"SMART WATCH D20 PRETO Cor:Preto";"1899";"2,00";"0,00";"60,00";"120,00";"0,00";"0,00";"0,00";"0,00";"120,00";"0,00";"-"
" ";"SMART WATCH X8";"619";"1,00";"0,00";"250,00";"250,00";"0,00";"0,00";"0,00";"0,00";"250,00";"0,00";"-"
" ";"SUPORTE UNIVERSAL DE CELULAR PARA CARRO LE-079 *";"2062";"1,00";"0,00";"50,00";"50,00";"0,00";"0,00";"0,00";"0,00";"50,00";"0,00";"-"
" ";"SUPORTE VEICULAR UNIVERSAL IT-BLUE LE-086";"1839";"1,00";"0,00";"27,00";"27,00";"0,00";"0,00";"0,00";"0,00";"27,00";"0,00";"-"
" ";"TELA FRONTAL IPHONE XS MAX";"2065";"1,00";"0,00";"450,00";"450,00";"0,00";"0,00";"0,00";"0,00";"450,00";"0,00";"-"
" ";"TELA FRONTAL J7";"2058";"1,00";"0,00";"180,00";"180,00";"0,00";"0,00";"0,00";"0,00";"180,00";"0,00";"-"
" ";"TELA FRONTAL NOTE 12 PREMIUM";"2244";"1,00";"0,00";"350,00";"350,00";"0,00";"0,00";"0,00";"0,00";"350,00";"0,00";"-"
" ";"XEROX 1,00";"358";"2,00";"0,00";"3,51";"7,01";"0,00";"0,00";"0,00";"0,00";"7,01";"0,00";"-"
" ";"XIAOMI  REDMI NOTE 12 128GB / 8GB SUNRISE GOLD LACRADO IMEI1- 866228068012202 IMEI 2- 866228068012210";"2160";"1,00";"0,00";"1.322,40";"1.322,40";"0,00";"0,00";"0,00";"0,00";"1.322,40";"890,00";"432,40 (48,58%)"
" ";"XIAOMI NOTE 12 128GB / 4GB ICE BLUE LACRADO IMEI1- 866331066299803 IMEI2- 866331066299811";"2242";"1,00";"0,00";"1.167,00";"1.167,00";"0,00";"30,00";"0,00";"0,00";"1.197,00";"0,00";"-"
" ";"XIAOMI NOTE 12 128GB / 4GB ONYX GRAY LACRADO IMEI 1- 860551069385327 IMEI 2- 860551069385335";"2162";"1,00";"0,00";"1.153,60";"1.153,60";"0,00";"0,00";"0,00";"0,00";"1.153,60";"790,00";"363,60 (46,03%)"
" ";"XIAOMI NOTE 12 256GB / 8GB MINT GREEN  LACRADO IMEI1- 866228063354187 IMEI2- 866228063354195";"2266";"1,00";"0,00";"1.190,00";"1.190,00";"0,00";"0,00";"0,00";"0,00";"1.190,00";"0,00";"-"
" ";"XIAOMI NOTE 12 PRO 5G 256GB / 8GB MIDNIGHT BLACK LACRADO IMEI1- 866556064992443 IMEI2- 866556064992450";"2233";"1,00";"0,00";"2.040,80";"2.040,80";"0,00";"0,00";"0,00";"0,00";"2.040,80";"0,00";"-"
" ";"XIAOMI NOTE 12 PRO 5G MIDNIGHT BLACK 256GB / 8GB LACRADO IMEI1- 868378068229401 IMEI2- 868378068229419";"2247";"1,00";"0,00";"1.919,00";"1.919,00";"0,00";"0,00";"0,00";"0,00";"1.919,00";"0,00";"-"
" ";"XIAOMI POCO F5 PRO 256GB / 12GB PRO BLACK LACRADO";"1743";"1,00";"0,00";"3.828,00";"3.828,00";"0,00";"0,00";"0,00";"0,00";"3.828,00";"0,00";"-"
" ";"XIAOMI POCO X5 5G 128GB / 6GB WILDCAT BLUE LACRADO";"1960";"1,00";"0,00";"1.600,00";"1.600,00";"0,00";"10,00";"0,00";"0,00";"1.610,00";"0,00";"-"
" ";"XIAOMI POCO X5 PRO 5G  256GB / 8GB BLUE LACRADO IMEI1- 869006069705926  IMEI2- 869006069705934";"2281";"1,00";"0,00";"2.000,00";"2.000,00";"0,00";"0,00";"0,00";"0,00";"2.000,00";"0,00";"-"
" ";"XIAOMI POCO X5 PRO 5G 256GB / 8GB BLACK LACRADO";"2030";"3,00";"0,00";"2.124,67";"6.374,00";"0,00";"20,00";"0,00";"0,00";"6.394,00";"0,00";"-"
" ";"XIAOMI POCO X5 PRO 5G 256GB / 8GB BLACK LACRADO IMEI1- 860414065407266 IMEI2- 860414065407274";"2202";"1,00";"0,00";"2.206,40";"2.206,40";"0,00";"30,00";"0,00";"0,00";"2.236,40";"1.700,00";"506,40 (29,79%)"
" ";"XIAOMI POCO X5 PRO 5G 256GB / 8GB BLACK LACRADO IMEI1- 860414067874182 IMEI2- 860414067874190";"2231";"1,00";"0,00";"2.280,00";"2.280,00";"0,00";"0,00";"0,00";"0,00";"2.280,00";"0,00";"-"
" ";"XIAOMI POCO X5 PRO 5G 256GB / 8GB BLUE LACRADO";"1759";"1,00";"0,00";"2.240,00";"2.240,00";"0,00";"0,00";"0,00";"0,00";"2.240,00";"0,00";"-"
" ";"XIAOMI POCO X5 PRO 5G 256GB / 8GB BLUE LACRADO IMEI1- 865635063297649 IMEI2- 865635063297656";"2261";"1,00";"0,00";"2.280,00";"2.280,00";"0,00";"30,00";"0,00";"0,00";"2.310,00";"0,00";"-"
" ";"XIAOMI REDMI  NOTE 13 128GB / 6GB MIDNIGHT BLACK LACRADO IMEI1- 869912067623245 IMEI2- 869912067623252";"2271";"1,00";"0,00";"1.433,60";"1.433,60";"0,00";"0,00";"0,00";"30,00";"1.463,60";"0,00";"-"
" ";"XIAOMI REDMI 12 128GB / 8GB MIDNIGHT BLACK LACRADO IMEI1 - 863164068268226 IMEI2 - 863164068268234";"2196";"1,00";"0,00";"1.392,00";"1.392,00";"0,00";"20,00";"0,00";"0,00";"1.412,00";"900,00";"492,00 (54,67%)"
" ";"XIAOMI REDMI 12 256GB / 8GB MIDNIGHT BLACK LACRADO IMEI1-  863164067818724 IMEI2- 863164067818732";"2130";"1,00";"0,00";"1.240,00";"1.240,00";"0,00";"10,00";"0,00";"0,00";"1.250,00";"1.240,00";"0,00 (0,00%)"
" ";"XIAOMI REDMI 12 256GB / 8GB MIDNIGHT BLACK LACRADO IMEI1-  868211067495840 IMEI2- 868211067495857";"2265";"1,00";"0,00";"1.340,00";"1.340,00";"0,00";"19,99";"0,00";"0,00";"1.359,99";"0,00";"-"
" ";"XIAOMI REDMI 12 256GB / 8GB POLAR SILVER  LACRADO IMEI1- 868211062181627 IMEI2- 868211062181635";"2131";"1,00";"0,00";"1.413,60";"1.413,60";"0,00";"0,00";"0,00";"0,00";"1.413,60";"1.050,00";"363,60 (34,63%)"
" ";"XIAOMI REDMI 12 256GB / 8GB SKY BLUE LACRADO";"2032";"1,00";"0,00";"1.470,60";"1.470,60";"0,00";"0,00";"0,00";"0,00";"1.470,60";"0,00";"-"
" ";"XIAOMI REDMI 12C 64GB / 3GB OCEAN BLUE LACRADO IMEI1- 866487060302728 IMEI2- 866487060302736";"2149";"1,00";"0,00";"780,00";"780,00";"0,00";"0,00";"0,00";"0,00";"780,00";"570,00";"210,00 (36,84%)"
" ";"XIAOMI REDMI 13C 128GB / 4GB  NAVY BLUE  LACRADO IMEI1- 861440064554963 IMEI2- 861440064554971";"2274";"1,00";"0,00";"920,00";"920,00";"0,00";"19,00";"0,00";"0,00";"939,00";"0,00";"-"
" ";"XIAOMI REDMI NOTE  12 256GB / 8GB MINT GREEN  LACRADO IMEI1- 865792063639427 IMEI2- 865792063639435";"2150";"1,00";"0,00";"1.240,00";"1.240,00";"0,00";"0,00";"0,00";"0,00";"1.240,00";"940,00";"300,00 (31,91%)"
" ";"XIAOMI REDMI NOTE 12 128GB / 4GB ONYX GRAY LACRADO IMEI1-860551066340044 IMEI2-860551066340051";"2084";"1,00";"0,00";"1.153,60";"1.153,60";"0,00";"0,00";"0,00";"0,00";"1.153,60";"650,00";"503,60 (77,48%)"
" ";"XIAOMI REDMI NOTE 12 128GB / 4GB ONYX GRAY LACRADO IMEI1-866402064127146 IMEI2- 866402064127153";"2094";"1,00";"0,00";"1.030,00";"1.030,00";"0,00";"0,00";"0,00";"0,00";"1.030,00";"800,00";"230,00 (28,75%)"
" ";"XIAOMI REDMI NOTE 12 128GB / 8GB ONYX GRAY LACRADO IMEI1-866229061366421 IMEI2-866229061366439";"2091";"1,00";"0,00";"1.250,00";"1.250,00";"0,00";"0,00";"0,00";"0,00";"1.250,00";"980,00";"270,00 (27,55%)"
" ";"XIAOMI REDMI NOTE 12 256GB / 8GB ONYX GRAY LACRADO IMEI1-865792066410826 IMEI2-865792066410834";"2092";"1,00";"0,00";"1.375,00";"1.375,00";"0,00";"25,00";"0,00";"0,00";"1.400,00";"950,00";"425,00 (44,74%)"
" ";"XIAOMI REDMI NOTE 12 PRO 5G 128GB / 8GB MIDNIGHT BLACK LACRADO IMEI1- 866646067193741 IMEI2- 866646067193758";"2230";"1,00";"0,00";"1.881,00";"1.881,00";"0,00";"30,00";"0,00";"0,00";"1.911,00";"0,00";"-"
" ";"XIAOMI REDMI NOTE 9S 128GB/ 6GB AZUL SEMINOVO IMEI1-863500041239935 IMEI2-86350041290938";"2083";"1,00";"0,00";"700,00";"700,00";"0,00";"0,00";"0,00";"0,00";"700,00";"400,00";"300,00 (75,00%)"
"GLEIDSON SANTOS DE JESUS  ";;;"375,00";"42,00";"-";"168.895,82";"1.384,00";"145,00";"0,00";"0,00";"169.040,82";"79.870,00";"89.025,82 (111,46%)"
" ";"APPLE IPHONE 11 64GB PRETO LACRADO - IMEI 1- 357648383343915 - IMEI 2-  357648383349128";"2198";"1,00";"0,00";"3.078,00";"3.078,00";"0,00";"0,00";"0,00";"0,00";"3.078,00";"2.350,00";"728,00 (30,98%)"
" ";"APPLE IPHONE 11 64GB PRETO SEMINOVO BATERIA 89% IMEI1- 356549102525033 IMEI2- 356549102525769";"2085";"1,00";"0,00";"2.017,00";"2.017,00";"0,00";"0,00";"0,00";"0,00";"2.017,00";"1.200,00";"817,00 (68,08%)"
" ";"APPLE IPHONE 12 128GB 85% AZUL SEMINOVO IMEI1- 355727332979607 IMEI2- 35577332938603";"2127";"1,00";"0,00";"2.930,80";"2.930,80";"0,00";"0,00";"0,00";"0,00";"2.930,80";"2.000,00";"930,80 (46,54%)"
" ";"APPLE IPHONE 12 64GB 85% BRANCO SEMINOVO IMEI1- 353041119016266 IMEI2- 353041118121026";"2216";"1,00";"0,00";"2.500,00";"2.500,00";"0,00";"0,00";"0,00";"0,00";"2.500,00";"0,00";"-"
" ";"APPLE IPHONE 12 PRO MAX 128GB AZUL SEMINOVO BATERIA 85% IMEI1- 356714117669511  IMEI2- 356714117739595";"2180";"1,00";"0,00";"4.144,00";"4.144,00";"0,00";"0,00";"0,00";"0,00";"4.144,00";"3.150,00";"994,00 (31,56%)"
" ";"APPLE IPHONE 12 PRO MAX 128GB AZUL SEMINOVO BATERIA 87% IMEI1- 359015636585924 IMEI2- 359015636749868";"2250";"1,00";"0,00";"3.200,00";"3.200,00";"0,00";"0,00";"0,00";"0,00";"3.200,00";"0,00";"-"
" ";"APPLE IPHONE 12 PRO MAX 256GB GOLD SEMINOVO BATERIA 86% - IMEI1- 350408483865516 - IMEI 2- 350408483869575";"2165";"1,00";"0,00";"4.394,00";"4.394,00";"0,00";"0,00";"0,00";"0,00";"4.394,00";"3.700,00";"694,00 (18,76%)"
" ";"APPLE IPHONE 13 128GB AZUL SEMINOVO BATERIA 87% - IMEI 1 350294958091808 - IMEI 2 350294958414034";"2181";"1,00";"0,00";"3.787,00";"3.787,00";"0,00";"0,00";"0,00";"0,00";"3.787,00";"2.800,00";"987,00 (35,25%)"
" ";"APPLE IPHONE 13 128GB PRETO LACRADO";"1310";"1,00";"0,00";"4.304,00";"4.304,00";"0,00";"0,00";"0,00";"0,00";"4.304,00";"0,00";"-"
" ";"APPLE IPHONE 14 128GB BRANCO LACRADO";"1885";"1,00";"0,00";"4.808,00";"4.808,00";"0,00";"0,00";"0,00";"0,00";"4.808,00";"0,00";"-"
" ";"APPLE IPHONE 14 PRO 256GB GRAPHITE SEMINOVO BATERIA 89%  IMEI1- 353115827776708 IMEI2- 353115827781641";"2224";"1,00";"0,00";"4.900,00";"4.900,00";"0,00";"0,00";"0,00";"0,00";"4.900,00";"0,00";"-"
" ";"APPLE IPHONE 14 PRO MAX 256GB  BRANCO SEMINOVO BATERIA 87% IMEI1- 350387750265917 IMEI2- 350387750201375";"2225";"1,00";"0,00";"5.700,00";"5.700,00";"0,00";"0,00";"0,00";"0,00";"5.700,00";"0,00";"-"
" ";"APPLE IPHONE 14 PRO MAX 256GB 93% ROXO SEMINOVO IMEI1-3500387754088265 IMEI2-350387755934335";"2114";"1,00";"0,00";"5.650,00";"5.650,00";"0,00";"0,00";"0,00";"0,00";"5.650,00";"5.300,00";"350,00 (6,60%)"
" ";"APPLE IPHONE 14 PRO MAX 256GB ROXO 100% SEMINOVO IMEI1- 353223140635294 IMEI2- 353223140914053";"2140";"1,00";"0,00";"5.800,00";"5.800,00";"0,00";"0,00";"0,00";"0,00";"5.800,00";"5.300,00";"500,00 (9,43%)"
" ";"APPLE IPHONE 14 PRO MAX 256GB ROXO 100% SEMINOVO IMEI1- 353223145633740 IMEI2- 353223145978053";"2138";"1,00";"0,00";"5.800,00";"5.800,00";"0,00";"0,00";"0,00";"0,00";"5.800,00";"5.300,00";"500,00 (9,43%)"
" ";"APPLE IPHONE 15 128GB BLUE LACRADO IMEI1- 356506178095028 IMEI 2- 356506178807653";"2163";"1,00";"0,00";"5.408,00";"5.408,00";"0,00";"0,00";"0,00";"0,00";"5.408,00";"4.700,00";"708,00 (15,06%)"
" ";"APPLE IPHONE 15 PRO MAX 256G NATURAL TITANIUUM LACRADO IMEI1- 355696422798351 IMEI2- 355696422599585";"2205";"1,00";"0,00";"8.500,00";"8.500,00";"0,00";"0,00";"0,00";"0,00";"8.500,00";"7.300,00";"1.200,00 (16,44%)"
" ";"APPLE IPHONE 15 PRO MAX 256G NATURAL TITANIUUM LACRADO IMEI1- 355696423172606 IMEI2- 355696423474853";"2206";"1,00";"0,00";"7.700,00";"7.700,00";"0,00";"0,00";"0,00";"0,00";"7.700,00";"7.300,00";"400,00 (5,48%)"
" ";"APPLE IPHONE 15 PRO MAX 256GB NATURAL TITANIUUM LACRADO IMEI1- 354316162585147 IMEI2- 354316162671194";"2203";"1,00";"0,00";"8.471,00";"8.471,00";"0,00";"0,00";"0,00";"0,00";"8.471,00";"7.250,00";"1.221,00 (16,84%)"
" ";"APPLE IPHONE 8 PLUS 64GB GOLD SEMINOVO BATERIA 100% - IMEI 1 356770080680281";"2183";"1,00";"0,00";"1.320,00";"1.320,00";"0,00";"0,00";"0,00";"0,00";"1.320,00";"800,00";"520,00 (65,00%)"
" ";"APPLE IPHONE XR 128GB VERMELHO SEMINOVO BATERIA 85% - IMEI 1 357331093207056 - IMEI 2 357331093116588";"2081";"1,00";"0,00";"1.920,00";"1.920,00";"0,00";"0,00";"0,00";"0,00";"1.920,00";"1.400,00";"520,00 (37,14%)"
" ";"APPLE IPHONE XS MAX 256GB  BRANCO SEMINOVO  BATERIA 100% IMEI1- 353110100689397 IMEI2- 353110100675859";"2248";"1,00";"0,00";"1.500,00";"1.500,00";"0,00";"0,00";"0,00";"0,00";"1.500,00";"0,00";"-"
" ";"APPLE MACBOOK AIR WITH APPLE M1 256GB 8GB PRATEADO-SEMINOVO SERIAL-SC02H5HPMQ6L4";"2086";"1,00";"0,00";"4.700,00";"4.700,00";"0,00";"0,00";"0,00";"0,00";"4.700,00";"4.500,00";"200,00 (4,44%)"
" ";"BRAÇADEIRA RELOG’S";"264";"1,00";"0,00";"38,00";"38,00";"0,00";"0,00";"0,00";"0,00";"38,00";"0,00";"-"
" ";"CABO TIPO C KAPBOM KA-911-TY";"1680";"2,00";"0,00";"29,00";"58,00";"0,00";"0,00";"0,00";"0,00";"58,00";"0,00";"-"
" ";"CABO TIPO C KAPBOM KAP-370-TY";"1622";"1,00";"0,00";"30,00";"30,00";"0,00";"0,00";"0,00";"0,00";"30,00";"0,00";"-"
" ";"CABO TIPO C PARA LIGHTING SUMEXR SX-B113-CL";"1655";"2,00";"0,00";"85,00";"170,00";"0,00";"0,00";"0,00";"0,00";"170,00";"0,00";"-"
" ";"CABO TIPO LIGHTING 25W";"697";"7,00";"0,00";"21,86";"153,00";"0,00";"25,00";"0,00";"0,00";"178,00";"0,00";"-"
" ";"CABO TIPO LIGHTING 3.1A SUMEXR SS-A6i6";"1761";"2,00";"0,00";"57,50";"115,00";"0,00";"0,00";"0,00";"0,00";"115,00";"0,00";"-"
" ";"CABO TIPO LIGHTING ALTOMEX AL-C18";"1313";"3,00";"0,00";"33,67";"101,00";"0,00";"0,00";"0,00";"0,00";"101,00";"0,00";"-"
" ";"CABO TIPO V8 PMCELL CB-11";"1175";"1,00";"0,00";"30,00";"30,00";"0,00";"0,00";"0,00";"0,00";"30,00";"0,00";"-"
" ";"CAIXINHA DE SOM KAPBOM KA-887";"1621";"1,00";"0,00";"49,00";"49,00";"0,00";"0,00";"0,00";"0,00";"49,00";"0,00";"-"
" ";"CAIXINHA DE SOM LEON GTS MINIMSOM Y3";"1577";"1,00";"0,00";"60,00";"60,00";"0,00";"0,00";"0,00";"0,00";"60,00";"0,00";"-"
" ";"CAPA ANTI IMPACTO PREMIUM (TRANSPARENTE) 24,90";"1632";"8,00";"1,00";"12,25";"98,00";"8,00";"0,19";"0,00";"0,00";"98,19";"80,00";"18,00 (22,50%)"
" ";"CAPA PARA CELULAR (MODERNA) 129,90";"1636";"4,00";"0,00";"100,00";"400,00";"0,00";"0,00";"0,00";"0,00";"400,00";"40,00";"360,00 (900,00%)"
" ";"CAPA PARA CELULAR 29,90 *";"1633";"98,00";"29,00";"16,69";"1.635,90";"336,00";"0,48";"0,00";"0,00";"1.636,38";"980,00";"655,90 (66,93%)"
" ";"CARREGADOR COMPLETO 4.8A USB KAPBOM KA-5003-V8";"1873";"1,00";"0,00";"45,00";"45,00";"0,00";"0,00";"0,00";"0,00";"45,00";"0,00";"-"
" ";"CARREGADOR COMPLETO TIPO C 20W USB-C 12 PRO MAX";"1448";"1,00";"0,00";"100,00";"100,00";"0,00";"0,00";"0,00";"0,00";"100,00";"0,00";"-"
" ";"CARREGADOR COMPLETO TIPO C TURBO POWER TM 30 ALTOMEX AL-7080-TY";"1426";"1,00";"0,00";"70,00";"70,00";"0,00";"0,00";"0,00";"0,00";"70,00";"0,00";"-"
" ";"CARREGADOR FAST KAPBOM KA-5601-TY";"2022";"1,00";"0,00";"60,00";"60,00";"0,00";"0,00";"0,00";"0,00";"60,00";"0,00";"-"
" ";"CARREGADOR PORTÁTIL KAPBPM 5000MAH KA-952";"2021";"1,00";"0,00";"90,00";"90,00";"0,00";"0,00";"0,00";"0,00";"90,00";"0,00";"-"
" ";"CARREGADOR PORTÁTIL POWER BANK 10000MAH KAIDI KD-951";"53";"1,00";"0,00";"100,00";"100,00";"0,00";"0,00";"0,00";"0,00";"100,00";"0,00";"-"
" ";"CARREGADOR PORTÁTIL UNIVERSAL PARA NOTEBOOK H´MASTON MY-120W";"1715";"1,00";"0,00";"45,00";"45,00";"0,00";"0,00";"0,00";"0,00";"45,00";"0,00";"-"
" ";"CARREGADOR TIPO C 3.4A SUMEXR SX-FC10-C";"1466";"1,00";"0,00";"54,90";"54,90";"0,00";"0,00";"0,00";"0,00";"54,90";"0,00";"-"
" ";"CARREGADOR TIPO C SUMEXR TURBO SX-QC3-C";"1207";"1,00";"0,00";"85,00";"85,00";"0,00";"0,00";"0,00";"0,00";"85,00";"0,00";"-"
" ";"CARREGADOR TIPO LIGHTING 3.4A SUMEXR SX-F17-i6";"1329";"1,00";"0,00";"90,00";"90,00";"0,00";"0,00";"0,00";"0,00";"90,00";"0,00";"-"
" ";"CARREGADOR TIPO LIGHTING SUMEXR SX-FC58-i6";"1668";"2,00";"0,00";"65,00";"130,00";"0,00";"5,20";"0,00";"0,00";"135,20";"0,00";"-"
" ";"CARREGADOR TIPO V8 3.4A SUMEXR SX-F17-V8";"29";"1,00";"0,00";"85,00";"85,00";"0,00";"0,00";"0,00";"0,00";"85,00";"0,00";"-"
" ";"CARREGADOR VEICULAR COM CABO TIPO LIGHTING 5V 3.4A SUMEXR SX-C9-i6";"37";"1,00";"0,00";"70,00";"70,00";"0,00";"0,00";"0,00";"0,00";"70,00";"0,00";"-"
" ";"CARREGADOR VEICULAR SUMEXR 3.4A 2USB SX-C20";"1719";"1,00";"0,00";"40,00";"40,00";"0,00";"0,00";"0,00";"0,00";"40,00";"0,00";"-"
" ";"CARREGADOR VEICULAR SUMEXR USB+TIPO C SX-C19-38W";"1791";"1,00";"0,00";"50,00";"50,00";"0,00";"0,00";"0,00";"0,00";"50,00";"0,00";"-"
" ";"CHAVEIRO CARTOON";"1821";"1,00";"0,00";"6,90";"6,90";"0,00";"0,00";"0,00";"0,00";"6,90";"0,00";"-"
" ";"CHAVEIRO HERMES";"473";"1,00";"0,00";"25,00";"25,00";"0,00";"0,00";"0,00";"0,00";"25,00";"0,00";"-"
" ";"CHIP CLARO 14,90";"902";"1,00";"0,00";"15,00";"15,00";"0,00";"0,00";"0,00";"0,00";"15,00";"0,00";"-"
" ";"CHIP TIM 14,90";"627";"1,00";"0,00";"15,00";"15,00";"0,00";"0,00";"0,00";"0,00";"15,00";"0,00";"-"
" ";"CHIP VIVO 14,90";"626";"1,00";"0,00";"24,90";"24,90";"0,00";"0,00";"0,00";"0,00";"24,90";"0,00";"-"
" ";"CONVERSOR ADAPTADOR C PARA V8 SUMEXR SX-ZJ17";"41";"1,00";"0,00";"15,00";"15,00";"0,00";"0,00";"0,00";"0,00";"15,00";"0,00";"-"
" ";"COPO DE VIDRO DOOMED 25ML *";"2051";"1,00";"0,00";"35,00";"35,00";"0,00";"0,00";"0,00";"0,00";"35,00";"0,00";"-"
" ";"COPO STANLEY COM TAMPA  LINHA PREMIUM SS037";"1177";"2,00";"0,00";"40,00";"80,00";"0,00";"0,00";"0,00";"0,00";"80,00";"0,00";"-"
" ";"COPO STANLEY COM TAMPA PRIMEIRA LINHA";"1260";"1,00";"0,00";"50,00";"50,00";"0,00";"15,00";"0,00";"0,00";"65,00";"0,00";"-"
" ";"EMPRESTIMO";"722";"1,00";"0,00";"1.120,00";"1.120,00";"0,00";"0,00";"0,00";"0,00";"1.120,00";"0,00";"-"
" ";"FONE BLUETOOTH TWS ESTEREO SEM FIO TG-902*";"2123";"1,00";"0,00";"140,00";"140,00";"0,00";"0,00";"0,00";"0,00";"140,00";"0,00";"-"
" ";"FONE DE OUVIDO COM FIO LEHMOX LE-471";"1787";"1,00";"0,00";"30,00";"30,00";"0,00";"0,00";"0,00";"0,00";"30,00";"0,00";"-"
" ";"FONE DE OUVIDO INTRA-AURICULAR SUMEXR SEJ-B8";"3";"2,00";"0,00";"25,00";"50,00";"0,00";"0,00";"0,00";"0,00";"50,00";"0,00";"-"
" ";"FONE DE OUVIDO SUMEXR SX-F05";"285";"1,00";"0,00";"10,00";"10,00";"0,00";"0,00";"0,00";"0,00";"10,00";"0,00";"-"
" ";"FONE DE OUVIDO TIPO LIGHTING KAPBOM AL-X7 EAR X";"806";"1,00";"0,00";"60,00";"60,00";"0,00";"0,00";"0,00";"0,00";"60,00";"0,00";"-"
" ";"FONTE 2 USB 3.4A 5V SUMEXR SX-F16-3A";"1725";"1,00";"0,00";"38,00";"38,00";"0,00";"0,00";"0,00";"0,00";"38,00";"0,00";"-"
" ";"FONTE CARREGADOR ORIGINAL TIPO USB-C APPLE 20W";"394";"1,00";"0,00";"180,00";"180,00";"0,00";"0,00";"0,00";"0,00";"180,00";"0,00";"-"
" ";"FONTE CARREGADOR TIPO USB-C KAPBOM KA-5005";"1373";"2,00";"0,00";"75,00";"150,00";"0,00";"0,00";"0,00";"0,00";"150,00";"0,00";"-"
" ";"GARRAFA TÉRMICA STANLEY 350ML";"800";"1,00";"0,00";"240,00";"240,00";"0,00";"0,00";"0,00";"0,00";"240,00";"0,00";"-"
" ";"HEADSET  TECH GAMER PRO  LC-823";"2117";"1,00";"0,00";"200,00";"200,00";"0,00";"0,00";"0,00";"0,00";"200,00";"0,00";"-"
" ";"MINI PRANCHA";"1233";"1,00";"0,00";"20,00";"20,00";"0,00";"0,00";"0,00";"0,00";"20,00";"0,00";"-"
" ";"MOUSE OPTICO SEM FIO KAPBOM KA-635";"1429";"1,00";"0,00";"40,00";"40,00";"0,00";"3,20";"0,00";"0,00";"43,20";"0,00";"-"
" ";"PELICULA CAMERA DE BOLINHA IPHONE";"1644";"7,00";"0,00";"20,00";"140,00";"0,00";"0,00";"0,00";"0,00";"140,00";"0,00";"-"
" ";"PELICULA COMPLETA DE CAMERA";"1078";"2,00";"0,00";"37,50";"75,00";"0,00";"0,00";"0,00";"0,00";"75,00";"0,00";"-"
" ";"PELICULA DE TPU PRIVACIDADE IPHONE 14";"1483";"1,00";"0,00";"100,00";"100,00";"0,00";"0,00";"0,00";"0,00";"100,00";"0,00";"-"
" ";"PELICULA DE TPU SOFT PREMIUM 129,90*";"890";"19,00";"1,00";"84,21";"1.600,00";"70,00";"0,00";"0,00";"0,00";"1.600,00";"0,00";"-"
" ";"PELICULA DE VIDRO 14,90";"113";"9,00";"0,00";"11,56";"104,00";"0,00";"0,00";"0,00";"0,00";"104,00";"0,00";"-"
" ";"PELICULA PROTEÇÃO DE CAMERA 14 PRO MAX";"1879";"1,00";"0,00";"45,00";"45,00";"0,00";"0,00";"0,00";"0,00";"45,00";"0,00";"-"
" ";"PELICULA TELA COMPLETA 29,90";"1679";"35,00";"0,00";"18,29";"640,00";"0,00";"0,23";"0,00";"0,00";"640,23";"0,00";"-"
" ";"PELICULA TELA COMPLETA NANO CERAMICA PREMIUM 129,90*";"1685";"43,00";"10,00";"86,28";"3.710,00";"870,00";"0,00";"0,00";"0,00";"3.710,00";"0,00";"-"
" ";"PELICULA TELA COMPLETA NANO CERAMICA PRIVACIDADE PREMIUM*";"1783";"4,00";"1,00";"100,00";"400,00";"100,00";"0,00";"0,00";"0,00";"400,00";"0,00";"-"
" ";"PELICULA TELA COMPLETA PRIVACIDADE 10 39,90";"1456";"3,00";"0,00";"26,67";"80,00";"0,00";"0,00";"0,00";"0,00";"80,00";"0,00";"-"
" ";"PELICULA TPU TRASEIRA";"141";"1,00";"0,00";"100,00";"100,00";"0,00";"0,00";"0,00";"0,00";"100,00";"0,00";"-"
" ";"PEN DRIVE MARTER DRIVE 32GB";"49";"1,00";"0,00";"60,00";"60,00";"0,00";"0,00";"0,00";"0,00";"60,00";"0,00";"-"
" ";"POPSOCKET SILICONE 14,90";"546";"2,00";"0,00";"16,00";"32,00";"0,00";"0,00";"0,00";"0,00";"32,00";"0,00";"-"
" ";"POPSOCKET SILICONE 9,90";"547";"1,00";"0,00";"10,00";"10,00";"0,00";"0,00";"0,00";"0,00";"10,00";"0,00";"-"
" ";"PROTETOR DE CABO CARTOON 15,90";"808";"6,00";"0,00";"10,00";"60,00";"0,00";"1,60";"0,00";"0,00";"61,60";"0,00";"-"
" ";"PULSEIRA MILANESA MI BAND 5 59,90";"450";"1,00";"0,00";"50,00";"50,00";"0,00";"0,00";"0,00";"0,00";"50,00";"0,00";"-"
" ";"PULSEIRA PARA SMARTWATCH COMUM 42MM / 44MM 29,90";"426";"2,00";"0,00";"20,00";"40,00";"0,00";"0,00";"0,00";"0,00";"40,00";"0,00";"-"
" ";"REDMI NOTE 12 128GB 4GB MINT GREEN LACRADO";"2029";"2,00";"0,00";"1.200,00";"2.400,00";"0,00";"0,00";"0,00";"0,00";"2.400,00";"0,00";"-"
" ";"REDMI NOTE 12 128GB 4GB ONYX GRAY LACRADO";"1695";"2,00";"0,00";"1.160,00";"2.320,00";"0,00";"14,81";"0,00";"0,00";"2.334,81";"0,00";"-"
" ";"REDMI NOTE 12 128GB 6GB ICE BLUE LACRADO";"1764";"2,00";"0,00";"1.205,00";"2.410,00";"0,00";"20,00";"0,00";"0,00";"2.430,00";"0,00";"-"
" ";"REDMI NOTE 12 PRO 128GB / 6GB GRAPHITE GRAY LACRADO";"1803";"1,00";"0,00";"1.600,00";"1.600,00";"0,00";"0,00";"0,00";"0,00";"1.600,00";"0,00";"-"
" ";"REDMI NOTE 12 PRO 256GB / 8GB GRAPHITE GRAY LACRADO";"1881";"2,00";"0,00";"1.876,00";"3.752,00";"0,00";"0,00";"0,00";"0,00";"3.752,00";"0,00";"-"
" ";"SUPORTE BOLSA APROVA D’ÁGUA";"240";"1,00";"0,00";"20,00";"20,00";"0,00";"0,00";"0,00";"0,00";"20,00";"0,00";"-"
" ";"SUPORTE PARA CELULAR DE MOTOCICLETA ALTOMEX C-200";"1965";"1,00";"0,00";"60,00";"60,00";"0,00";"0,00";"0,00";"0,00";"60,00";"0,00";"-"
" ";"TYPE C MI CABO USB E TURBO";"1853";"1,00";"0,00";"40,00";"40,00";"0,00";"0,00";"0,00";"0,00";"40,00";"0,00";"-"
" ";"WEBCAM  PC01";"824";"1,00";"0,00";"91,00";"91,00";"0,00";"0,00";"0,00";"0,00";"91,00";"0,00";"-"
" ";"XIAOMI NOTE 12 128GB / 4GB ICE BLUE LACRADO";"1672";"2,00";"0,00";"1.075,00";"2.150,00";"0,00";"19,74";"0,00";"0,00";"2.169,74";"0,00";"-"
" ";"XIAOMI NOTE 12 128GB / 4GB ICE BLUE LACRADO IMEI1-866331063394649 IMEI2- 866331063394656";"2154";"1,00";"0,00";"1.036,00";"1.036,00";"0,00";"0,00";"0,00";"0,00";"1.036,00";"790,00";"246,00 (31,14%)"
" ";"XIAOMI NOTE 12 128GB / 4GB MINT GREEN LACRADO IMEI 1- 860551068405688 IMEI 2- 860551068405696";"2211";"1,00";"0,00";"1.155,00";"1.155,00";"0,00";"0,00";"0,00";"0,00";"1.155,00";"820,00";"335,00 (40,85%)"
" ";"XIAOMI NOTE 12 128GB / 4GB MINT GREEN LACRADO IMEI1- 866331062149945 IMEI2- 866331062149952";"2155";"1,00";"0,00";"1.093,00";"1.093,00";"0,00";"0,00";"0,00";"0,00";"1.093,00";"790,00";"303,00 (38,35%)"
" ";"XIAOMI NOTE 12 128GB / 4GB MINT GREEN LACRADO IMEI1-860551068429027 IMEI2-860551068429035";"2089";"1,00";"0,00";"1.094,40";"1.094,40";"0,00";"0,00";"0,00";"0,00";"1.094,40";"800,00";"294,40 (36,80%)"
" ";"XIAOMI NOTE 12 128GB / 4GB ONYX GRAY LACRADO";"1690";"1,00";"0,00";"1.200,00";"1.200,00";"0,00";"0,00";"0,00";"0,00";"1.200,00";"0,00";"-"
" ";"XIAOMI NOTE 12 128GB / 8GB ONYX GRAY LACRADO";"2028";"1,00";"0,00";"1.200,00";"1.200,00";"0,00";"0,00";"0,00";"0,00";"1.200,00";"0,00";"-"
" ";"XIAOMI NOTE 12 128GB / 8GB ONYX GRAY LACRADO IMEI1- 862938066456607 IMEI2- 862938066456615";"2241";"1,00";"0,00";"1.120,00";"1.120,00";"0,00";"0,00";"0,00";"0,00";"1.120,00";"0,00";"-"
" ";"XIAOMI NOTE 12 PRO 4G GLACIER BLUE 128GB / 6GB IMEI1- 860253067720965 IMEI2- 860253067720973";"2245";"1,00";"0,00";"1.360,00";"1.360,00";"0,00";"0,00";"0,00";"0,00";"1.360,00";"0,00";"-"
" ";"XIAOMI NOTE 12S 256GB / 8GB ONYX BLACK LACRADO";"1825";"2,00";"0,00";"1.275,00";"2.550,00";"0,00";"19,55";"0,00";"0,00";"2.569,55";"0,00";"-"
" ";"XIAOMI NOTE 12S 256GB / 8GB PEARL GREEN LACRADO IMEI1- 868379065223801 IMEI2- 868379065223819";"2220";"1,00";"0,00";"1.504,80";"1.504,80";"0,00";"0,00";"0,00";"0,00";"1.504,80";"0,00";"-"
" ";"XIAOMI POCO X5 5G 128GB / 6GB  WILDCAT BLUE LACRADO IMEI1-866559064778010 IMEI2-866559064778028";"2105";"1,00";"0,00";"1.480,00";"1.480,00";"0,00";"0,00";"0,00";"0,00";"1.480,00";"1.090,00";"390,00 (35,78%)"
" ";"XIAOMI POCO X5 5G 256GB / 8GB  BLACK LACRADO IMEI1- 868767067375464 IMEI2- 868767067375472";"2134";"1,00";"0,00";"1.824,00";"1.824,00";"0,00";"0,00";"0,00";"0,00";"1.824,00";"1.300,00";"524,00 (40,31%)"
" ";"XIAOMI POCO X5 PRO 5G 128GB / 6GB BLACK LACRADO IMEI1- 869168064900587 IMEI2- 869168064900595";"2218";"1,00";"0,00";"1.770,00";"1.770,00";"0,00";"0,00";"0,00";"0,00";"1.770,00";"0,00";"-"
" ";"XIAOMI POCO X5 PRO 5G 256GB / 8GB ASTRAL BLACK LACRADO";"1642";"1,00";"0,00";"1.815,00";"1.815,00";"0,00";"0,00";"0,00";"0,00";"1.815,00";"0,00";"-"
" ";"XIAOMI POCO X5 PRO 5G 256GB / 8GB BLACK LACRADO";"2030";"1,00";"0,00";"2.296,00";"2.296,00";"0,00";"0,00";"0,00";"0,00";"2.296,00";"0,00";"-"
" ";"XIAOMI POCO X5 PRO 5G 256GB / 8GB BLACK LACRADO IMEI1- 860414065352843 IMEI2-860414065352850";"2214";"1,00";"0,00";"1.965,00";"1.965,00";"0,00";"0,00";"0,00";"0,00";"1.965,00";"1.700,00";"265,00 (15,59%)"
" ";"XIAOMI REDMI 12 128GB / 8G MIDNIGHT BLACK LACRADO IMEI1- 863164068431329 IMEI2- 863164068431337";"2144";"1,00";"0,00";"1.151,42";"1.151,42";"0,00";"0,00";"0,00";"0,00";"1.151,42";"810,00";"341,42 (42,15%)"
" ";"XIAOMI REDMI 12 128GB / 8GB MIDNIGHT BLACK LACRADO";"1956";"1,00";"0,00";"1.281,00";"1.281,00";"0,00";"0,00";"0,00";"0,00";"1.281,00";"0,00";"-"
" ";"XIAOMI REDMI 12 256GB / 8G POLAR SILVER LACRADO IMEI1- 868211062331826 IMEI2- 868211062331834";"2143";"1,00";"0,00";"1.364,00";"1.364,00";"0,00";"0,00";"0,00";"0,00";"1.364,00";"1.040,00";"324,00 (31,15%)"
" ";"XIAOMI REDMI 13C 128GB / 4GB NAVY BLUE LACRADO IMEI1- 868369065892762 IMEI2- 868369065892770";"2268";"1,00";"0,00";"1.030,40";"1.030,40";"0,00";"0,00";"0,00";"0,00";"1.030,40";"0,00";"-"
" ";"XIAOMI REDMI NOTE 12 128GB / 8GB SUNRISE GOLD LACRADO IMEI1- 866228067929760 IMEI 2- 866228067929778";"2159";"1,00";"0,00";"1.160,00";"1.160,00";"0,00";"20,00";"0,00";"0,00";"1.180,00";"890,00";"270,00 (30,34%)"
" ";"XIAOMI REDMI NOTE 12 PRO 128GB / 6GB GRAPHITE GRAY LACRADO IMEI1- 864594061833908 IMEI2-864594061833916";"2100";"1,00";"0,00";"1.653,00";"1.653,00";"0,00";"0,00";"0,00";"0,00";"1.653,00";"1.210,00";"443,00 (36,61%)"
" ";"XIAOMI REDMI NOTE 12S 256GB / 8GB ICE BLUE LACRADO  IMEI1- 863707065078905 IMEI 2- 863707065078913";"2167";"1,00";"0,00";"1.280,00";"1.280,00";"0,00";"0,00";"0,00";"0,00";"1.280,00";"1.050,00";"230,00 (21,90%)"
" ";"XIAOMI REDMI NOTE 12S 256GB / 8GB ICE BLUE LACRADO  IMEI1- 864539061389328 IMEI2- 864539061389336";"2115";"1,00";"0,00";"1.408,00";"1.408,00";"0,00";"0,00";"0,00";"0,00";"1.408,00";"1.030,00";"378,00 (36,70%)"
" ";"XIAOMI REDMI NOTE 12S 256GB / 8GB ICE BLUE LACRADO  IMEI1- 868379065385782 IMEI2- 868379065385790";"2212";"1,00";"0,00";"1.478,40";"1.478,40";"0,00";"0,00";"0,00";"0,00";"1.478,40";"1.100,00";"378,40 (34,40%)"
" ";"XIAOMI REDMI NOTE 13 128GB / 6GB  MIDNIGHT BLACK  LACRADO IMEI1- 869912067504601 IMEI2- 869912067504619";"2273";"1,00";"0,00";"1.408,00";"1.408,00";"0,00";"0,00";"0,00";"0,00";"1.408,00";"0,00";"-"
"KAROLINE THAUANE ALVES  ";;;"60,00";"13,00";"-";"11.904,80";"281,80";"0,00";"0,00";"0,00";"11.904,80";"5.740,00";"6.164,80 (107,40%)"
" ";"APPLE IPHONE 11 PRO MAX 64GB 100% VERDE SEMINOVO  IME1-352851110053196 IMEI2-35285110126489";"2126";"1,00";"0,00";"3.080,00";"3.080,00";"0,00";"0,00";"0,00";"0,00";"3.080,00";"2.200,00";"880,00 (40,00%)"
" ";"ASSISTÊNCIA";"1332";"1,00";"0,00";"500,00";"500,00";"0,00";"0,00";"0,00";"0,00";"500,00";"0,00";"-"
" ";"CABO TIPO C PARA LIGHTING ORIGINAL APPLE 1M SEM CAIXA";"1779";"1,00";"0,00";"110,00";"110,00";"0,00";"0,00";"0,00";"0,00";"110,00";"0,00";"-"
" ";"CABO TIPO C PARA LIGHTING ORIGINAL APPLE 1M SEMINOVO";"1780";"1,00";"0,00";"130,00";"130,00";"0,00";"0,00";"0,00";"0,00";"130,00";"0,00";"-"
" ";"CABO TIPO LIGHTING 25W";"697";"1,00";"0,00";"25,00";"25,00";"0,00";"0,00";"0,00";"0,00";"25,00";"0,00";"-"
" ";"CAPA ANTI IMPACTO PREMIUM (TRANSPARENTE) 24,90";"1632";"1,00";"0,00";"8,00";"8,00";"0,00";"0,00";"0,00";"0,00";"8,00";"10,00";"-2,00 (-20,00%)"
" ";"CAPA PARA CELULAR (MODERNA) 129,90";"1636";"1,00";"0,00";"90,00";"90,00";"0,00";"0,00";"0,00";"0,00";"90,00";"10,00";"80,00 (800,00%)"
" ";"CAPA PARA CELULAR 29,90 *";"1633";"18,00";"11,00";"12,04";"216,80";"101,80";"0,00";"0,00";"0,00";"216,80";"180,00";"36,80 (20,44%)"
" ";"CARREGADOR COMPLETO 2 EM 1 SX-FC18-I6";"2034";"1,00";"0,00";"80,00";"80,00";"0,00";"0,00";"0,00";"0,00";"80,00";"0,00";"-"
" ";"CARREGADOR COMPLETO 2 USB LIGHTNING 5.1A KA-5001-5G";"1859";"1,00";"0,00";"70,00";"70,00";"0,00";"0,00";"0,00";"0,00";"70,00";"0,00";"-"
" ";"CARREGADOR PORTÁTIL POWER BANK 5000MAH H'MASTON PN-952";"961";"1,00";"0,00";"80,00";"80,00";"0,00";"0,00";"0,00";"0,00";"80,00";"0,00";"-"
" ";"CARREGADOR VEICULAR PD USB+TIPO-C QUICK CHARGER 55W";"1860";"1,00";"0,00";"60,00";"60,00";"0,00";"0,00";"0,00";"0,00";"60,00";"0,00";"-"
" ";"CHAVEIRO CARTOON";"1711";"2,00";"0,00";"30,00";"60,00";"0,00";"0,00";"0,00";"0,00";"60,00";"0,00";"-"
" ";"FONE DE OUVIDO PMCELL FO-11";"2";"1,00";"0,00";"28,00";"28,00";"0,00";"0,00";"0,00";"0,00";"28,00";"0,00";"-"
" ";"FONE DE OUVIDO TIPO LIGHTING KAPBOM KA-X7 EAR X";"1098";"1,00";"0,00";"67,00";"67,00";"0,00";"0,00";"0,00";"0,00";"67,00";"0,00";"-"
" ";"FONE INTRA-AURICULAR COM FIO KAPBOM ESTÉREO KA-745";"1713";"1,00";"0,00";"22,00";"22,00";"0,00";"0,00";"0,00";"0,00";"22,00";"0,00";"-"
" ";"FONTE CARREGADOR ORIGINAL TIPO USB APPLE 5W";"396";"1,00";"0,00";"115,00";"115,00";"0,00";"0,00";"0,00";"0,00";"115,00";"0,00";"-"
" ";"FONTE CARREGADOR TIPO USB-C KAPBOM KA-5005";"1373";"1,00";"0,00";"80,00";"80,00";"0,00";"0,00";"0,00";"0,00";"80,00";"0,00";"-"
" ";"PELICULA COMPLETA DE CAMERA";"1078";"1,00";"0,00";"40,00";"40,00";"0,00";"0,00";"0,00";"0,00";"40,00";"0,00";"-"
" ";"PELICULA DE TPU SOFT PREMIUM 129,90*";"890";"8,00";"1,00";"85,00";"680,00";"90,00";"0,00";"0,00";"0,00";"680,00";"0,00";"-"
" ";"PELICULA TELA COMPLETA 29,90";"1679";"7,00";"0,00";"20,00";"140,00";"0,00";"0,00";"0,00";"0,00";"140,00";"0,00";"-"
" ";"PELICULA TELA COMPLETA NANO CERAMICA PREMIUM 129,90*";"1685";"2,00";"1,00";"90,00";"180,00";"90,00";"0,00";"0,00";"0,00";"180,00";"0,00";"-"
" ";"TELA FRONTAL PREMIUM IPHONE 11 PRO MAX";"1813";"1,00";"0,00";"600,00";"600,00";"0,00";"0,00";"0,00";"0,00";"600,00";"0,00";"-"
" ";"XIAOMI NOTE 12 128GB / 4GB ONYX GRAY LACRADO";"1690";"1,00";"0,00";"1.140,00";"1.140,00";"0,00";"0,00";"0,00";"0,00";"1.140,00";"0,00";"-"
" ";"XIAOMI NOTE 12 128GB / 4GB ONYX GRAY LACRADO IMEI1- 860551068602706 IMEI 2- 860551068602714";"2161";"1,00";"0,00";"1.053,00";"1.053,00";"0,00";"0,00";"0,00";"0,00";"1.053,00";"790,00";"263,00 (33,29%)"
" ";"XIAOMI NOTE 12 128GB / 8GB ONYX GRAY  LACRADO IMEI1- 866147066182603 IMEI 2- 866147066182611";"2158";"1,00";"0,00";"1.160,00";"1.160,00";"0,00";"0,00";"0,00";"0,00";"1.160,00";"890,00";"270,00 (30,34%)"
" ";"XIAOMI POCO M5 128GB / 6GB BLACK  LACRADO IMEI1-869440061242242 IMEI2-869440061242259";"2104";"1,00";"0,00";"1.060,00";"1.060,00";"0,00";"0,00";"0,00";"0,00";"1.060,00";"850,00";"210,00 (24,71%)"
" ";"XIAOMI REDMI NOTE 12 128GB / 4GB ONYX GRAY  LACRADO IMEI1-866331061197481 IMEI2- 866331061197499";"2098";"1,00";"0,00";"1.030,00";"1.030,00";"0,00";"0,00";"0,00";"0,00";"1.030,00";"810,00";"220,00 (27,16%)"
"MATHEUS BENHUR  ";;;"53,00";"0,00";"-";"15.860,20";"0,00";"55,00";"0,00";"0,00";"15.915,20";"9.440,00";"6.420,20 (68,01%)"
" ";"APPLE IPHONE 15 128GB GREEN LACRADO IMEI1-358904879642560 IMEI2-358904879950435";"2128";"1,00";"0,00";"5.000,00";"5.000,00";"0,00";"0,00";"0,00";"0,00";"5.000,00";"4.700,00";"300,00 (6,38%)"
" ";"CABO TIPO LIGHTING 3.1A SUMEXR SS-A6i6";"1761";"1,00";"0,00";"69,90";"69,90";"0,00";"0,00";"0,00";"0,00";"69,90";"0,00";"-"
" ";"CABO TIPO LIGHTING ORIGINAL APPLE 1M";"301";"1,00";"0,00";"100,00";"100,00";"0,00";"0,00";"0,00";"0,00";"100,00";"0,00";"-"
" ";"CABO TIPO LIGHTING SUMEXR SX-B108-i6";"1216";"1,00";"0,00";"64,90";"64,90";"0,00";"0,00";"0,00";"0,00";"64,90";"0,00";"-"
" ";"CAPA PARA CELULAR 29,90 *";"1633";"14,00";"0,00";"16,43";"230,00";"0,00";"20,00";"0,00";"0,00";"250,00";"140,00";"90,00 (64,29%)"
" ";"CARREGADOR COMPLETO 2 USB LIGHTNING 5.1A KA-5001-5G";"1859";"1,00";"0,00";"70,00";"70,00";"0,00";"0,00";"0,00";"0,00";"70,00";"0,00";"-"
" ";"CARREGADOR VEICULAR PD USB+TIPO-C QUICK CHARGER 55W";"1860";"1,00";"0,00";"69,90";"69,90";"0,00";"0,00";"0,00";"0,00";"69,90";"0,00";"-"
" ";"FONE COM FIO TIPO-C HEADSET KAPBOM KA-758-TY";"1872";"1,00";"0,00";"69,90";"69,90";"0,00";"0,00";"0,00";"0,00";"69,90";"0,00";"-"
" ";"FONE DE OUVIDO BLUETOOTH INTRA AURICULAR PRIMEIRA LINHA AIRDOTSPRO  XIAOMI REDMI 129,90";"1424";"3,00";"0,00";"127,67";"383,00";"0,00";"0,00";"0,00";"0,00";"383,00";"0,00";"-"
" ";"MOUSE OPTICO SEM FIO KAPBOM KA-635";"1429";"1,00";"0,00";"44,90";"44,90";"0,00";"0,00";"0,00";"0,00";"44,90";"0,00";"-"
" ";"PELICULA CAMERA DE BOLINHA IPHONE 14 PRO MAX";"1740";"2,00";"0,00";"18,00";"36,00";"0,00";"0,00";"0,00";"0,00";"36,00";"0,00";"-"
" ";"PELICULA DE TPU SOFT PREMIUM 129,90*";"890";"7,00";"0,00";"82,86";"580,00";"0,00";"0,00";"0,00";"0,00";"580,00";"0,00";"-"
" ";"PELICULA TELA COMPLETA 29,90";"1679";"10,00";"0,00";"15,00";"150,00";"0,00";"0,00";"0,00";"0,00";"150,00";"0,00";"-"
" ";"PELICULA TELA COMPLETA PRIVACIDADE 10 39,90";"1456";"1,00";"0,00";"45,00";"45,00";"0,00";"0,00";"0,00";"0,00";"45,00";"0,00";"-"
" ";"REDMI NOTE 12S 256GB / 8GB ICE BLUE LACRADO";"1962";"1,00";"0,00";"1.400,00";"1.400,00";"0,00";"0,00";"0,00";"0,00";"1.400,00";"0,00";"-"
" ";"SMART WATCH D20 PRETO Cor:Preto";"1899";"1,00";"0,00";"59,90";"59,90";"0,00";"0,00";"0,00";"0,00";"59,90";"0,00";"-"
" ";"XIAOMI POCO X5 5G 128GB / 6GB  WILDCAT BLUE LACRADO IMEI1-866559064769258 IMEI2-866559064769266";"2106";"1,00";"0,00";"1.400,00";"1.400,00";"0,00";"0,00";"0,00";"0,00";"1.400,00";"1.090,00";"310,00 (28,44%)"
" ";"XIAOMI REDMI 12 128GB / 8GB MIDNIGHT BLACK LACRADO";"1956";"1,00";"0,00";"1.260,00";"1.260,00";"0,00";"0,00";"0,00";"0,00";"1.260,00";"0,00";"-"
" ";"XIAOMI REDMI 12 256GB / 8GB POLAR SILVER  LACRADO IMEI1- 863164064362668 IMEI2- 863164064362676";"2129";"1,00";"0,00";"1.340,80";"1.340,80";"0,00";"0,00";"0,00";"0,00";"1.340,80";"930,00";"410,80 (44,17%)"
" ";"XIAOMI REDMI 12 256GB / 8GB POLAR SILVER  SEMINOVO IMEI1- 863164064362668 IMEI2- 863164064362676";"2132";"1,00";"0,00";"1.000,00";"1.000,00";"0,00";"15,00";"0,00";"0,00";"1.015,00";"800,00";"200,00 (25,00%)"
" ";"XIAOMI REDMI NOTE 12 128GB / 4GB MINT GREEN LACRADO IMEI1-866331064415500 IMEI2-866331064415518";"2108";"1,00";"0,00";"1.188,00";"1.188,00";"0,00";"20,00";"0,00";"0,00";"1.208,00";"800,00";"388,00 (48,50%)"
" ";"XIAOMI REDMI NOTE 12 128GB / 8GB ONYX GRAY  LACRADO IMEI1-866229061229686 IMEI2-866229061229694";"2102";"1,00";"0,00";"1.298,00";"1.298,00";"0,00";"0,00";"0,00";"0,00";"1.298,00";"980,00";"318,00 (32,45%)"
"MYCAELLA ANDRADE  ";;;"20,00";"0,00";"-";"32.080,80";"0,00";"0,00";"0,00";"0,00";"32.080,80";"9.560,00";"22.520,80 (235,57%)"
" ";"APPLE IPHONE 12 64GB  ROXO SEMINOVO BATERIA 88% - IMEI1- 350839228378938  - IMEI2- 350839228457963";"2164";"1,00";"0,00";"2.500,00";"2.500,00";"0,00";"0,00";"0,00";"0,00";"2.500,00";"2.000,00";"500,00 (25,00%)"
" ";"APPLE IPHONE 12 PRO MAX 128GB GOLD SEMINOVO";"1797";"1,00";"0,00";"4.000,00";"4.000,00";"0,00";"0,00";"0,00";"0,00";"4.000,00";"0,00";"-"
" ";"APPLE IPHONE 15 PRO MAX 256GB BLUE TITANIUUM LACRADO IMEI1- 350496307542692 IMEI2- 350496307375911";"2197";"1,00";"0,00";"7.600,00";"7.600,00";"0,00";"0,00";"0,00";"0,00";"7.600,00";"7.300,00";"300,00 (4,11%)"
" ";"CAPA PARA CELULAR (MODERNA) 129,90";"1636";"1,00";"0,00";"70,00";"70,00";"0,00";"0,00";"0,00";"0,00";"70,00";"10,00";"60,00 (600,00%)"
" ";"CAPA PARA CELULAR 29,90 *";"1633";"5,00";"0,00";"17,76";"88,80";"0,00";"0,00";"0,00";"0,00";"88,80";"50,00";"38,80 (77,60%)"
" ";"CHAVEIRO AIR TAG";"1009";"1,00";"0,00";"26,00";"26,00";"0,00";"0,00";"0,00";"0,00";"26,00";"0,00";"-"
" ";"CONVERSOR ADAPTADOR USB PARA C SUMEXR SX-ZJ20";"40";"1,00";"0,00";"30,00";"30,00";"0,00";"0,00";"0,00";"0,00";"30,00";"0,00";"-"
" ";"EMPRESTIMO";"722";"3,00";"0,00";"5.728,67";"17.186,00";"0,00";"0,00";"0,00";"0,00";"17.186,00";"0,00";"-"
" ";"MOTOROLA MOTO E7 POWER 32GB / 2GB AZUL SEMINOVO - IMEI 1 353248872800113 - IMEI 2 353248872800121";"2082";"1,00";"0,00";"500,00";"500,00";"0,00";"0,00";"0,00";"0,00";"500,00";"200,00";"300,00 (150,00%)"
" ";"PELICULA DE VIDRO 14,90";"113";"1,00";"0,00";"0,00";"0,00";"0,00";"0,00";"0,00";"0,00";"0,00";"0,00";"-"
" ";"PELICULA TELA COMPLETA 29,90";"1679";"4,00";"0,00";"20,00";"80,00";"0,00";"0,00";"0,00";"0,00";"80,00";"0,00";"-"
"SUPREMO CELULARES  ";;;"756,00";"8,00";"-";"14.222,34";"289,90";"0,00";"0,00";"0,00";"14.222,34";"7.900,00";"6.322,34 (80,03%)"
" ";"ADAPTADOR CONVERSOR TIPO LIGHTNING PARA FONE P2 APPLE HEADPHONE JACK LEHMOX LE-870";"1840";"1,00";"0,00";"16,00";"16,00";"0,00";"0,00";"0,00";"0,00";"16,00";"0,00";"-"
" ";"ADAPTADOR DE CIP";"763";"1,00";"0,00";"0,01";"0,01";"0,00";"0,00";"0,00";"0,00";"0,01";"0,00";"-"
" ";"APPLE IPHONE 11 64GB VERMELHO SEMINOVO BATERIA 82% IMEI1- 352913119942686 IMEI2- 352913119545414";"2182";"1,00";"0,00";"2.070,00";"2.070,00";"0,00";"0,00";"0,00";"0,00";"2.070,00";"1.450,00";"620,00 (42,76%)"
" ";"APPLE IPHONE 14 128GB BRANCO LACRADO IMEI1- 356891464201559 IMEI2- 356891464656349";"2185";"1,00";"0,00";"4.704,00";"4.704,00";"0,00";"0,00";"0,00";"0,00";"4.704,00";"3.900,00";"804,00 (20,62%)"
" ";"ASSISTÊNCIA";"1332";"1,00";"0,00";"0,01";"0,01";"0,00";"0,00";"0,00";"0,00";"0,01";"0,00";"-"
" ";"BARRINHA BAUDUCO 25G";"1187";"72,00";"0,00";"0,17";"12,01";"0,00";"0,00";"0,00";"0,00";"12,01";"0,00";"-"
" ";"CABO TIPO C COMUM 25W";"19";"1,00";"0,00";"30,00";"30,00";"0,00";"0,00";"0,00";"0,00";"30,00";"0,00";"-"
" ";"CABO TIPO C PARA LIGHTING ORIGINAL APPLE 1M SEM CAIXA";"1779";"1,00";"0,00";"0,01";"0,01";"0,00";"0,00";"0,00";"0,00";"0,01";"0,00";"-"
" ";"CABO TIPO LIGHTING 25W";"697";"2,00";"0,00";"0,01";"0,01";"0,00";"0,00";"0,00";"0,00";"0,01";"0,00";"-"
" ";"CABO TIPO LIGHTING 3.1A SUMEXR SS-A6i6";"1761";"2,00";"0,00";"29,96";"59,91";"0,00";"0,00";"0,00";"0,00";"59,91";"0,00";"-"
" ";"CABO TIPO LIGHTING ALTOMEX AL-C18";"1313";"1,00";"0,00";"35,00";"35,00";"0,00";"0,00";"0,00";"0,00";"35,00";"0,00";"-"
" ";"CABO TIPO V8 25W";"293";"1,00";"0,00";"0,00";"0,00";"0,00";"0,00";"0,00";"0,00";"0,00";"0,00";"-"
" ";"CANETA DUO CELULAR";"2027";"15,00";"0,00";"0,00";"0,01";"0,00";"0,00";"0,00";"0,00";"0,01";"0,00";"-"
" ";"CAPA ANTI IMPACTO PREMIUM (TRANSPARENTE) 24,90";"1632";"36,00";"0,00";"0,28";"10,00";"0,00";"0,00";"0,00";"0,00";"10,00";"360,00";"-350,00 (-97,22%)"
" ";"CAPA PARA CELULAR (MODERNA) 129,90";"1636";"4,00";"0,00";"80,00";"320,00";"0,00";"0,00";"0,00";"0,00";"320,00";"40,00";"280,00 (700,00%)"
" ";"CAPA PARA CELULAR 29,90 *";"1633";"51,00";"5,00";"4,02";"204,93";"94,90";"0,00";"0,00";"0,00";"204,93";"510,00";"-305,07 (-59,82%)"
" ";"CAPA PARA CELULAR 49,90*";"1634";"5,00";"0,00";"0,00";"0,02";"0,00";"0,00";"0,00";"0,00";"0,02";"50,00";"-49,98 (-99,96%)"
" ";"CARREGADOR COMPLETO TIPO C 20W AL-8205-PD";"1427";"13,00";"0,00";"0,00";"0,02";"0,00";"0,00";"0,00";"0,00";"0,02";"0,00";"-"
" ";"CARREGADOR COMPLETO TIPO C 20W USB-C 12 PRO MAX";"1448";"9,00";"0,00";"0,00";"0,02";"0,00";"0,00";"0,00";"0,00";"0,02";"0,00";"-"
" ";"CARREGADOR COMPLETO TIPO C 20W USB-C 13 PRO MAX";"2135";"32,00";"0,00";"0,00";"0,12";"0,00";"0,00";"0,00";"0,00";"0,12";"0,00";"-"
" ";"CARREGADOR COMPLETO TIPO USB-C SUMEXR SX-PD1";"1447";"1,00";"0,00";"0,01";"0,01";"0,00";"0,00";"0,00";"0,00";"0,01";"0,00";"-"
" ";"CARREGADOR FAST KAPBOM KA-5601-TY";"2022";"1,00";"0,00";"0,01";"0,01";"0,00";"0,00";"0,00";"0,00";"0,01";"0,00";"-"
" ";"CARREGADOR SMART WATCH COM CABO LIGHTNING E TIPO C YD-13*";"2120";"1,00";"0,00";"60,00";"60,00";"0,00";"0,00";"0,00";"0,00";"60,00";"0,00";"-"
" ";"CARREGADOR TIPO C 3.4A SUMEXR SX-F17-C";"18";"3,00";"0,00";"0,00";"0,01";"0,00";"0,00";"0,00";"0,00";"0,01";"0,00";"-"
" ";"CARREGADOR TIPO C SUMEXR TURBO SX-QC3-C";"1207";"2,00";"0,00";"0,00";"0,00";"0,00";"0,00";"0,00";"0,00";"0,00";"0,00";"-"
" ";"CARREGADOR TIPO LIGHTING 3.4A SUMEXR SX-F17-i6";"1329";"1,00";"0,00";"0,00";"0,00";"0,00";"0,00";"0,00";"0,00";"0,00";"0,00";"-"
" ";"CARREGADOR TIPO LIGHTING LEHMOX LE-404";"691";"9,00";"0,00";"0,00";"0,04";"0,00";"0,00";"0,00";"0,00";"0,04";"0,00";"-"
" ";"CARREGADOR TIPO V8 KAPBOM KA-393-V8";"1677";"1,00";"0,00";"30,00";"30,00";"0,00";"0,00";"0,00";"0,00";"30,00";"0,00";"-"
" ";"CARREGADOR TIPO V8 KAPBOM KA-5015-V8";"1388";"1,00";"0,00";"48,00";"48,00";"0,00";"0,00";"0,00";"0,00";"48,00";"0,00";"-"
" ";"CERVEJA LATA DEVASSA 350ML";"1022";"1,00";"0,00";"0,00";"0,00";"0,00";"0,00";"0,00";"0,00";"0,00";"0,00";"-"
" ";"CHAVEIRO CARTOON";"1821";"2,00";"0,00";"5,00";"10,00";"0,00";"0,00";"0,00";"0,00";"10,00";"0,00";"-"
" ";"CONTROLE DE TVBOX RELOG'S HT-P43";"882";"1,00";"0,00";"30,00";"30,00";"0,00";"0,00";"0,00";"0,00";"30,00";"0,00";"-"
" ";"ESPORTIVO FAIXA ELASTICA LEHMOX LEY-259";"1286";"1,00";"0,00";"27,90";"27,90";"0,00";"0,00";"0,00";"0,00";"27,90";"0,00";"-"
" ";"FONE BLUETOOTH TWS ESTEREO SEM FIO TG-902*";"2123";"1,00";"0,00";"98,00";"98,00";"0,00";"0,00";"0,00";"0,00";"98,00";"0,00";"-"
" ";"FONE DE OUVIDO ALTOMEX A-381";"1676";"1,00";"0,00";"0,01";"0,01";"0,00";"0,00";"0,00";"0,00";"0,01";"0,00";"-"
" ";"FONE DE OUVIDO BLUETOOTH INTRA AURICULAR PRIMEIRA LINHA AIRDOTS  MI";"1953";"1,00";"0,00";"0,01";"0,01";"0,00";"0,00";"0,00";"0,00";"0,01";"0,00";"-"
" ";"FONE DE OUVIDO BLUETOOTH INTRA AURICULAR PRIMEIRA LINHA AIRDOTSPRO  XIAOMI REDMI 129,90";"1424";"2,00";"0,00";"0,01";"0,02";"0,00";"0,00";"0,00";"0,00";"0,02";"0,00";"-"
" ";"FONE DE OUVIDO COM FIO LEHMOX LE-471";"1787";"3,00";"0,00";"0,01";"0,02";"0,00";"0,00";"0,00";"0,00";"0,02";"0,00";"-"
" ";"FONE DE OUVIDO INTRA-AURICULAR SUMEXR SEJ-B8";"3";"4,00";"0,00";"0,00";"0,00";"0,00";"0,00";"0,00";"0,00";"0,00";"0,00";"-"
" ";"FONE DE OUVIDO PMCELL FO-11";"2";"19,00";"0,00";"0,00";"0,06";"0,00";"0,00";"0,00";"0,00";"0,06";"0,00";"-"
" ";"FONE DE OUVIDO TIPO LIGHTING KAPBOM AL-X7 EAR X";"806";"56,00";"0,00";"0,00";"0,06";"0,00";"0,00";"0,00";"0,00";"0,06";"0,00";"-"
" ";"FONE DE OUVIDO TIPO LIGHTING KAPBOM KA-X7 EAR X";"1098";"8,00";"0,00";"0,00";"0,03";"0,00";"0,00";"0,00";"0,00";"0,03";"0,00";"-"
" ";"FONE DE OUVIDO VIA BLUETOOTH I11 5.0 TWS";"245";"2,00";"0,00";"45,00";"90,00";"0,00";"0,00";"0,00";"0,00";"90,00";"0,00";"-"
" ";"FONE DE OUVIDO VIA BLUETOOTH SUMEXR SLY-34";"1704";"1,00";"0,00";"72,00";"72,00";"0,00";"0,00";"0,00";"0,00";"72,00";"0,00";"-"
" ";"FONE INTRA-AURICULAR COM FIO KAPBOM ESTÉREO KA-745";"1713";"42,00";"0,00";"0,00";"0,13";"0,00";"0,00";"0,00";"0,00";"0,13";"0,00";"-"
" ";"FONTE CARREGADOR TIPO USB-C KAPBOM KA-5005";"1373";"21,00";"0,00";"0,00";"0,03";"0,00";"0,00";"0,00";"0,00";"0,03";"0,00";"-"
" ";"HEADPHONE BLUETOOTH STEREO SUMEXR SLY-10";"1654";"2,00";"0,00";"52,36";"104,71";"0,00";"0,00";"0,00";"0,00";"104,71";"0,00";"-"
" ";"LAÇO DE PRESENTE  WINMAX  FACIL 18MM-WX-070";"1968";"3,00";"0,00";"0,00";"0,00";"0,00";"0,00";"0,00";"0,00";"0,00";"0,00";"-"
" ";"LUVA SPORT TECIDO 7144";"1732";"1,00";"0,00";"29,90";"29,90";"0,00";"0,00";"0,00";"0,00";"29,90";"0,00";"-"
" ";"MOUSE SEM FIO 2.4HZ 1600 DPI KAPBOM KA-611";"108";"1,00";"0,00";"0,00";"0,00";"0,00";"0,00";"0,00";"0,00";"0,00";"0,00";"-"
" ";"MOUSE SEM FIO MTG W-840";"1469";"1,00";"0,00";"0,01";"0,01";"0,00";"0,00";"0,00";"0,00";"0,01";"0,00";"-"
" ";"OCULOS DE SOL";"1554";"2,00";"0,00";"35,00";"70,00";"0,00";"0,00";"0,00";"0,00";"70,00";"0,00";"-"
" ";"PELICULA CAMERA DE BOLINHA IPHONE";"1644";"2,00";"0,00";"0,00";"0,00";"0,00";"0,00";"0,00";"0,00";"0,00";"0,00";"-"
" ";"PELICULA COMPLETA DE CAMERA";"1078";"1,00";"0,00";"0,00";"0,00";"0,00";"0,00";"0,00";"0,00";"0,00";"0,00";"-"
" ";"PELICULA DE TPU SOFT PREMIUM 129,90*";"890";"10,00";"2,00";"54,00";"540,01";"180,00";"0,00";"0,00";"0,00";"540,01";"0,00";"-"
" ";"PELICULA DE VIDRO 14,90";"113";"59,00";"0,00";"0,00";"0,03";"0,00";"0,00";"0,00";"0,00";"0,03";"0,00";"-"
" ";"PELICULA PROTEÇÃO DE CAMERA  GLITER 13 / 13 MINI";"948";"1,00";"0,00";"0,00";"0,00";"0,00";"0,00";"0,00";"0,00";"0,00";"0,00";"-"
" ";"PELICULA TELA COMPLETA 29,90";"1679";"56,00";"1,00";"3,07";"172,04";"15,00";"0,00";"0,00";"0,00";"172,04";"0,00";"-"
" ";"PELICULA TELA COMPLETA NANO CERAMICA PREMIUM 129,90*";"1685";"14,00";"0,00";"6,43";"90,01";"0,00";"0,00";"0,00";"0,00";"90,01";"0,00";"-"
" ";"PELICULA TELA COMPLETA NANO CERAMICA PRIVACIDADE PREMIUM*";"1783";"1,00";"0,00";"0,00";"0,00";"0,00";"0,00";"0,00";"0,00";"0,00";"0,00";"-"
" ";"PELICULA TELA COMPLETA PRIVACIDADE 10 39,90";"1456";"3,00";"0,00";"0,01";"0,02";"0,00";"0,00";"0,00";"0,00";"0,02";"0,00";"-"
" ";"PEN DRIVE MAX DRIVE 8GB";"1315";"1,00";"0,00";"35,00";"35,00";"0,00";"0,00";"0,00";"0,00";"35,00";"0,00";"-"
" ";"PERFUME CUBA LA VIDA 100ML";"1904";"1,00";"0,00";"76,00";"76,00";"0,00";"0,00";"0,00";"0,00";"76,00";"0,00";"-"
" ";"PERFUME DREAM BRAND  COLLECTION COLE  30ML";"1914";"1,00";"0,00";"80,00";"80,00";"0,00";"0,00";"0,00";"0,00";"80,00";"0,00";"-"
" ";"PERFUME O DE LA VIE  CHIC’N GLAM 125ML";"778";"1,00";"0,00";"131,00";"131,00";"0,00";"0,00";"0,00";"0,00";"131,00";"0,00";"-"
" ";"PERFUME SILVER SCENT 100ML";"774";"1,00";"0,00";"187,00";"187,00";"0,00";"0,00";"0,00";"0,00";"187,00";"0,00";"-"
" ";"PILHAS AAA DURACELL - 25,90 (NDD)";"628";"2,00";"0,00";"9,00";"18,00";"0,00";"0,00";"0,00";"0,00";"18,00";"0,00";"-"
" ";"REFRIGERANTE PEPSI 200ML";"1152";"25,00";"0,00";"0,59";"14,72";"0,00";"0,00";"0,00";"0,00";"14,72";"0,00";"-"
" ";"REFRIGERANTE SUKITA LARANJA 200ML";"1113";"26,00";"0,00";"0,00";"0,03";"0,00";"0,00";"0,00";"0,00";"0,03";"0,00";"-"
" ";"REMOVEDOR DE CRAVO UNIDADE";"1099";"1,00";"0,00";"12,90";"12,90";"0,00";"0,00";"0,00";"0,00";"12,90";"0,00";"-"
" ";"SMART WATCH D20 PRETO Cor:Preto";"1899";"2,00";"0,00";"0,01";"0,02";"0,00";"0,00";"0,00";"0,00";"0,02";"0,00";"-"
" ";"SMART WATCH D20 PRETO Cor:Rosa";"1901";"2,00";"0,00";"0,01";"0,02";"0,00";"0,00";"0,00";"0,00";"0,02";"0,00";"-"
" ";"SUCO MARATA NECTAR SABOR UVA 200ML";"1833";"32,00";"0,00";"0,18";"5,81";"0,00";"0,00";"0,00";"0,00";"5,81";"0,00";"-"
" ";"SUPORTE PARA CELULAR DE MOTOCICLETA ALTOMEX C-200";"1965";"1,00";"0,00";"60,00";"60,00";"0,00";"0,00";"0,00";"0,00";"60,00";"0,00";"-"
" ";"TELA FRONTAL IPHONE 11";"1795";"1,00";"0,00";"500,00";"500,00";"0,00";"0,00";"0,00";"0,00";"500,00";"0,00";"-"
" ";"XEROX 1,00";"358";"63,00";"0,00";"2,28";"143,49";"0,00";"0,00";"0,00";"0,00";"143,49";"0,00";"-"
" ";"XIAOMI NOTE 12 128GB / 4GB MINT GREEN LACRADO IMEI1- 866331061958825 IMEI2- 866331061958833";"2156";"1,00";"0,00";"1.153,60";"1.153,60";"0,00";"0,00";"0,00";"0,00";"1.153,60";"790,00";"363,60 (46,03%)"
" ";"XIAOMI NOTE 12 PRO 5G 128GB / 8GB MIDNIGHT BLACK LACRADO IMEI1- 865848062464660 IMEI2- 865848062464678";"2249";"1,00";"0,00";"1.869,60";"1.869,60";"0,00";"0,00";"0,00";"0,00";"1.869,60";"0,00";"-"
" ";"XIAOMI REDMI NOTE 12 128GB / 4GB MINT GREEN  LACRADO IMEI1-866331061553063 IMEI2-866331061553071";"2103";"1,00";"0,00";"1.000,00";"1.000,00";"0,00";"0,00";"0,00";"0,00";"1.000,00";"800,00";"200,00 (25,00%)"
"Totais";" ";" ";"1.801,00";"130,00";"310,33";"558.902,56";"3.683,00";"604,78";"249,30";"65,00";"559.323,04";"225.780,00";"332.938,26 (147,46%)"
